{
    "names": [
        "seasons",
        "exps",
        "stat_ops",
        "variables",
        "models"
    ],
    "seasons": [
        "full",
        "s1",
        "s2",
        "s3",
        "s4"
    ],
    "exps": [
        "historical-1951-2000",
        "rcp26-2031-2060",
        "rcp26-2071-2100",
        "rcp45-2031-2060",
        "rcp45-2071-2100",
        "rcp85-2031-2060",
        "rcp85-2071-2100"
    ],
    "stat_ops": [
        "timmean",
        "timvar"
    ],
    "variables": [
        "pr",
        "tas"
    ],
    "models": [
        "CLMcom-ETH_ICHEC-EC-EARTH_r12i1p1",
        "CLMcom-ETH_MOHC-HadGEM2-ES_r1i1p1",
        "CLMcom-ETH_MPI-M-MPI-ESM-LR_r1i1p1",
        "CLMcom-ETH_MPI-M-MPI-ESM-LR_r2i1p1",
        "CLMcom-ETH_MPI-M-MPI-ESM-LR_r3i1p1",
        "CLMcom-ETH_NCC-NorESM1-M_r1i1p1",
        "CLMcom_CNRM-CERFACS-CNRM-CM5_r1i1p1",
        "CLMcom_ICHEC-EC-EARTH_r12i1p1",
        "CLMcom_MIROC-MIROC5_r1i1p1",
        "CLMcom_MOHC-HadGEM2-ES_r1i1p1",
        "CLMcom_MPI-M-MPI-ESM-LR_r1i1p1",
        "DMI_CNRM-CERFACS-CNRM-CM5_r1i1p1",
        "DMI_ICHEC-EC-EARTH_r12i1p1",
        "DMI_ICHEC-EC-EARTH_r1i1p1",
        "DMI_ICHEC-EC-EARTH_r3i1p1",
        "DMI_MOHC-HadGEM2-ES_r1i1p1",
        "DMI_MPI-M-MPI-ESM-LR_r1i1p1",
        "DMI_NCC-NorESM1-M_r1i1p1",
        "GERICS_CNRM-CERFACS-CNRM-CM5_r1i1p1",
        "GERICS_ICHEC-EC-EARTH_r12i1p1",
        "GERICS_ICHEC-EC-EARTH_r1i1p1",
        "GERICS_IPSL-IPSL-CM5A-LR_r1i1p1",
        "GERICS_IPSL-IPSL-CM5A-MR_r1i1p1",
        "GERICS_MIROC-MIROC5_r1i1p1",
        "GERICS_MOHC-HadGEM2-ES_r1i1p1",
        "GERICS_MPI-M-MPI-ESM-LR_r3i1p1",
        "GERICS_NCC-NorESM1-M_r1i1p1",
        "GERICS_NOAA-GFDL-GFDL-ESM2G_r1i1p1",
        "IPSL_CNRM-CERFACS-CNRM-CM5_r1i1p1",
        "IPSL_ICHEC-EC-EARTH_r12i1p1",
        "IPSL_IPSL-IPSL-CM5A-MR_r1i1p1",
        "IPSL_MOHC-HadGEM2-ES_r1i1p1",
        "IPSL_NCC-NorESM1-M_r1i1p1",
        "KNMI_CNRM-CERFACS-CNRM-CM5_r1i1p1",
        "KNMI_ICHEC-EC-EARTH_r12i1p1",
        "KNMI_ICHEC-EC-EARTH_r1i1p1",
        "KNMI_ICHEC-EC-EARTH_r3i1p1",
        "KNMI_IPSL-IPSL-CM5A-MR_r1i1p1",
        "KNMI_MOHC-HadGEM2-ES_r1i1p1",
        "KNMI_MPI-M-MPI-ESM-LR_r1i1p1",
        "KNMI_NCC-NorESM1-M_r1i1p1",
        "MOHC_ICHEC-EC-EARTH_r12i1p1",
        "MOHC_MOHC-HadGEM2-ES_r1i1p1",
        "MOHC_MPI-M-MPI-ESM-LR_r1i1p1",
        "MPI-CSC_MPI-M-MPI-ESM-LR_r1i1p1",
        "MPI-CSC_MPI-M-MPI-ESM-LR_r2i1p1",
        "SMHI_CNRM-CERFACS-CNRM-CM5_r1i1p1",
        "SMHI_ICHEC-EC-EARTH_r12i1p1",
        "SMHI_ICHEC-EC-EARTH_r1i1p1",
        "SMHI_ICHEC-EC-EARTH_r3i1p1",
        "SMHI_IPSL-IPSL-CM5A-MR_r1i1p1",
        "SMHI_MOHC-HadGEM2-ES_r1i1p1",
        "SMHI_MPI-M-MPI-ESM-LR_r1i1p1",
        "SMHI_MPI-M-MPI-ESM-LR_r2i1p1",
        "SMHI_MPI-M-MPI-ESM-LR_r3i1p1",
        "SMHI_NCC-NorESM1-M_r1i1p1",
        "UHOH_MPI-M-MPI-ESM-LR_r1i1p1"
    ],
    "inv": [
        {
            "full": 0,
            "s1": 1,
            "s2": 2,
            "s3": 3,
            "s4": 4
        },
        {
            "historical-1951-2000": 0,
            "rcp26-2031-2060": 1,
            "rcp26-2071-2100": 2,
            "rcp45-2031-2060": 3,
            "rcp45-2071-2100": 4,
            "rcp85-2031-2060": 5,
            "rcp85-2071-2100": 6
        },
        {
            "timmean": 0,
            "timvar": 1
        },
        {
            "pr": 0,
            "tas": 1
        },
        {
            "CLMcom-ETH_ICHEC-EC-EARTH_r12i1p1": 0,
            "CLMcom-ETH_MOHC-HadGEM2-ES_r1i1p1": 1,
            "CLMcom-ETH_MPI-M-MPI-ESM-LR_r1i1p1": 2,
            "CLMcom-ETH_MPI-M-MPI-ESM-LR_r2i1p1": 3,
            "CLMcom-ETH_MPI-M-MPI-ESM-LR_r3i1p1": 4,
            "CLMcom-ETH_NCC-NorESM1-M_r1i1p1": 5,
            "CLMcom_CNRM-CERFACS-CNRM-CM5_r1i1p1": 6,
            "CLMcom_ICHEC-EC-EARTH_r12i1p1": 7,
            "CLMcom_MIROC-MIROC5_r1i1p1": 8,
            "CLMcom_MOHC-HadGEM2-ES_r1i1p1": 9,
            "CLMcom_MPI-M-MPI-ESM-LR_r1i1p1": 10,
            "DMI_CNRM-CERFACS-CNRM-CM5_r1i1p1": 11,
            "DMI_ICHEC-EC-EARTH_r12i1p1": 12,
            "DMI_ICHEC-EC-EARTH_r1i1p1": 13,
            "DMI_ICHEC-EC-EARTH_r3i1p1": 14,
            "DMI_MOHC-HadGEM2-ES_r1i1p1": 15,
            "DMI_MPI-M-MPI-ESM-LR_r1i1p1": 16,
            "DMI_NCC-NorESM1-M_r1i1p1": 17,
            "GERICS_CNRM-CERFACS-CNRM-CM5_r1i1p1": 18,
            "GERICS_ICHEC-EC-EARTH_r12i1p1": 19,
            "GERICS_ICHEC-EC-EARTH_r1i1p1": 20,
            "GERICS_IPSL-IPSL-CM5A-LR_r1i1p1": 21,
            "GERICS_IPSL-IPSL-CM5A-MR_r1i1p1": 22,
            "GERICS_MIROC-MIROC5_r1i1p1": 23,
            "GERICS_MOHC-HadGEM2-ES_r1i1p1": 24,
            "GERICS_MPI-M-MPI-ESM-LR_r3i1p1": 25,
            "GERICS_NCC-NorESM1-M_r1i1p1": 26,
            "GERICS_NOAA-GFDL-GFDL-ESM2G_r1i1p1": 27,
            "IPSL_CNRM-CERFACS-CNRM-CM5_r1i1p1": 28,
            "IPSL_ICHEC-EC-EARTH_r12i1p1": 29,
            "IPSL_IPSL-IPSL-CM5A-MR_r1i1p1": 30,
            "IPSL_MOHC-HadGEM2-ES_r1i1p1": 31,
            "IPSL_NCC-NorESM1-M_r1i1p1": 32,
            "KNMI_CNRM-CERFACS-CNRM-CM5_r1i1p1": 33,
            "KNMI_ICHEC-EC-EARTH_r12i1p1": 34,
            "KNMI_ICHEC-EC-EARTH_r1i1p1": 35,
            "KNMI_ICHEC-EC-EARTH_r3i1p1": 36,
            "KNMI_IPSL-IPSL-CM5A-MR_r1i1p1": 37,
            "KNMI_MOHC-HadGEM2-ES_r1i1p1": 38,
            "KNMI_MPI-M-MPI-ESM-LR_r1i1p1": 39,
            "KNMI_NCC-NorESM1-M_r1i1p1": 40,
            "MOHC_ICHEC-EC-EARTH_r12i1p1": 41,
            "MOHC_MOHC-HadGEM2-ES_r1i1p1": 42,
            "MOHC_MPI-M-MPI-ESM-LR_r1i1p1": 43,
            "MPI-CSC_MPI-M-MPI-ESM-LR_r1i1p1": 44,
            "MPI-CSC_MPI-M-MPI-ESM-LR_r2i1p1": 45,
            "SMHI_CNRM-CERFACS-CNRM-CM5_r1i1p1": 46,
            "SMHI_ICHEC-EC-EARTH_r12i1p1": 47,
            "SMHI_ICHEC-EC-EARTH_r1i1p1": 48,
            "SMHI_ICHEC-EC-EARTH_r3i1p1": 49,
            "SMHI_IPSL-IPSL-CM5A-MR_r1i1p1": 50,
            "SMHI_MOHC-HadGEM2-ES_r1i1p1": 51,
            "SMHI_MPI-M-MPI-ESM-LR_r1i1p1": 52,
            "SMHI_MPI-M-MPI-ESM-LR_r2i1p1": 53,
            "SMHI_MPI-M-MPI-ESM-LR_r3i1p1": 54,
            "SMHI_NCC-NorESM1-M_r1i1p1": 55,
            "UHOH_MPI-M-MPI-ESM-LR_r1i1p1": 56
        }
    ]
}