;Season;Experiment;Period;Institute;Model;Model Id;Ensemble;RCM Ver;TAS celsius;PR mm.year;TAS diff;PR diff;Previous Study
0;ANN;historical;1951-2000;CLMcom;ICHEC-EC-EARTH;CCLM4-8-17;r12i1p1;v1;-0.3518471189590855;1117.1728122771672;0.0;0.0;True
1;ANN;historical;1951-2000;CLMcom;MPI-M-MPI-ESM-LR;CCLM4-8-17;r1i1p1;v1;0.4907411710037195;1144.6338461428106;0.0;0.0;True
2;ANN;historical;1951-2000;CNRM;CNRM-CERFACS-CNRM-CM5;ALADIN63;r1i1p1;v2;-0.5274686338289598;1239.2650570069547;0.0;0.0;False
3;ANN;historical;1951-2000;DMI;ICHEC-EC-EARTH;HIRHAM5;r3i1p1;v2;0.009154275092953412;1378.8714107583005;0.0;0.0;True
4;ANN;historical;1951-2000;DMI;MOHC-HadGEM2-ES;HIRHAM5;r1i1p1;v2;1.0240241635688108;1431.9308542352182;0.0;0.0;False
5;ANN;historical;1951-2000;GERICS;ICHEC-EC-EARTH;REMO2015;r12i1p1;v1;0.8553148234200876;1267.8087248318036;0.0;0.0;False
6;ANN;historical;1951-2000;GERICS;MOHC-HadGEM2-ES;REMO2015;r1i1p1;v1;1.9207481412639709;1279.0187772571155;0.0;0.0;False
7;ANN;historical;1951-2000;GERICS;NCC-NorESM1-M;REMO2015;r1i1p1;v1;1.2299372676579878;1308.696430132181;0.0;0.0;False
8;ANN;historical;1951-2000;KNMI;CNRM-CERFACS-CNRM-CM5;RACMO22E;r1i1p1;v2;-1.9730134758364102;1001.1340963740776;0.0;0.0;False
9;ANN;historical;1951-2000;KNMI;ICHEC-EC-EARTH;RACMO22E;r12i1p1;v1;-1.6488673327137349;1115.8985404166147;0.0;0.0;False
10;ANN;historical;1951-2000;KNMI;MOHC-HadGEM2-ES;RACMO22E;r1i1p1;v2;-0.6493610594795314;1134.5963467147935;0.0;0.0;False
11;ANN;historical;1951-2000;MPI-CSC;MPI-M-MPI-ESM-LR;REMO2009;r1i1p1;v1;1.3981819237918671;1207.6113704467352;0.0;0.0;True
12;ANN;historical;1951-2000;MPI-CSC;MPI-M-MPI-ESM-LR;REMO2009;r2i1p1;v1;1.4719505111524427;1257.3198820910932;0.0;0.0;False
13;ANN;historical;1951-2000;SMHI;ICHEC-EC-EARTH;RCA4;r12i1p1;v1;-1.545126626394051;1263.1487772090284;0.0;0.0;True
14;ANN;historical;1951-2000;SMHI;MOHC-HadGEM2-ES;RCA4;r1i1p1;v1;-0.09397653345723711;1313.7052374009083;0.0;0.0;True
15;ANN;historical;1951-2000;SMHI;MPI-M-MPI-ESM-LR;RCA4;r1i1p1;v1a;0.19645097583645565;1317.2931490556014;0.0;0.0;True
16;ANN;historical;1951-2000;SMHI;NCC-NorESM1-M;RCA4;r1i1p1;v1;-1.283190055762077;1274.7719327728767;0.0;0.0;False
17;ANN;rcp26;2031-2060;CLMcom-BTU;MPI-M-MPI-ESM-LR;CCLM4-8-17;r1i1p1;v1;2.0578299256505943;1214.4298120142137;;;True
18;ANN;rcp26;2031-2060;CLMcom;ICHEC-EC-EARTH;CCLM4-8-17;r12i1p1;v1;1.4666937732342262;1171.2497721595835;1.8185408921933117;4.8405187888693275;True
19;ANN;rcp26;2031-2060;CNRM;CNRM-CERFACS-CNRM-CM5;ALADIN63;r1i1p1;v2;1.048623373605949;1309.117836851391;1.5760920074349087;5.6366295046794255;False
20;ANN;rcp26;2031-2060;DMI;ICHEC-EC-EARTH;HIRHAM5;r3i1p1;v2;1.393622211895945;1443.8141522409746;1.3844679368029915;4.709847559096134;True
21;ANN;rcp26;2031-2060;DMI;MOHC-HadGEM2-ES;HIRHAM5;r1i1p1;v2;3.288719795539066;1529.6872706467555;2.2646956319702554;6.8268950363352605;False
22;ANN;rcp26;2031-2060;GERICS;ICHEC-EC-EARTH;REMO2015;r12i1p1;v1;2.866496282527919;1345.6712915551707;2.0111814591078314;6.141507405519475;False
23;ANN;rcp26;2031-2060;GERICS;MOHC-HadGEM2-ES;REMO2015;r1i1p1;v1;4.180216078066962;1349.0217863571688;2.2594679368029915;5.473180718282848;False
24;ANN;rcp26;2031-2060;GERICS;NCC-NorESM1-M;REMO2015;r1i1p1;v1;2.6591310408921913;1357.13154397711;1.4291937732342035;3.7010197880678106;False
25;ANN;rcp26;2031-2060;KNMI;CNRM-CERFACS-CNRM-CM5;RACMO22E;r1i1p1;v2;-0.2805471654274925;1038.12665753482;1.6924663104089177;3.6950655556256264;False
26;ANN;rcp26;2031-2060;KNMI;ICHEC-EC-EARTH;RACMO22E;r12i1p1;v1;0.3613847583643519;1178.2713236806562;2.010252091078087;5.589467232456005;False
27;ANN;rcp26;2031-2060;KNMI;MOHC-HadGEM2-ES;RACMO22E;r1i1p1;v2;1.6902939126394472;1220.603087214843;2.3396549721189785;7.580382287417085;False
28;ANN;rcp26;2031-2060;MPI-CSC;MPI-M-MPI-ESM-LR;REMO2009;r1i1p1;v1;2.935008131970278;1269.3300282174105;1.536826208178411;5.110804624822591;True
29;ANN;rcp26;2031-2060;MPI-CSC;MPI-M-MPI-ESM-LR;REMO2009;r2i1p1;v1;2.797810176579958;1257.398766107497;1.3258596654275152;0.006273981468644108;False
30;ANN;rcp26;2031-2060;SMHI;ICHEC-EC-EARTH;RCA4;r12i1p1;v1;0.7941798327137803;1360.8294780757349;2.3393064591078314;7.733111303209696;True
31;ANN;rcp26;2031-2060;SMHI;MOHC-HadGEM2-ES;RCA4;r1i1p1;v1;2.1800418215613604;1411.7192833286235;2.2740183550185975;7.460885679471783;True
32;ANN;rcp26;2031-2060;SMHI;MPI-M-MPI-ESM-LR;RCA4;r1i1p1;v1a;1.5537639405204686;1397.3890512073792;1.357312964684013;6.080339991838611;True
33;ANN;rcp26;2031-2060;SMHI;NCC-NorESM1-M;RCA4;r1i1p1;v1;0.25404275092938633;1316.6736582342576;1.5372328066914633;3.2869978059711946;False
34;ANN;rcp26;2071-2100;CLMcom-BTU;MPI-M-MPI-ESM-LR;CCLM4-8-17;r1i1p1;v1;2.1380750464684297;1241.2794401239064;;;True
35;ANN;rcp26;2071-2100;CLMcom;ICHEC-EC-EARTH;CCLM4-8-17;r12i1p1;v1;1.2045539033457544;1141.5817339568775;1.55640102230484;2.184883252749136;True
36;ANN;rcp26;2071-2100;CNRM;CNRM-CERFACS-CNRM-CM5;ALADIN63;r1i1p1;v2;1.024198420074356;1291.1414587530949;1.5516670539033157;4.18606184793354;False
37;ANN;rcp26;2071-2100;DMI;ICHEC-EC-EARTH;HIRHAM5;r3i1p1;v2;1.8553438661710402;1462.1936910325267;1.8461895910780868;6.042788299483547;True
38;ANN;rcp26;2071-2100;DMI;MOHC-HadGEM2-ES;HIRHAM5;r1i1p1;v2;3.6561686802974123;1492.5652391820813;2.6321445167286015;4.234449224103585;False
39;ANN;rcp26;2071-2100;GERICS;ICHEC-EC-EARTH;REMO2015;r12i1p1;v1;2.5960501858736507;1304.0519970943492;1.740735362453563;2.8587334629168146;False
40;ANN;rcp26;2071-2100;GERICS;MOHC-HadGEM2-ES;REMO2015;r1i1p1;v1;4.5240532063197065;1323.0230567512901;2.6033050650557357;3.440471733225293;False
41;ANN;rcp26;2071-2100;GERICS;NCC-NorESM1-M;REMO2015;r1i1p1;v1;2.8336779739777285;1370.1484992601615;1.6037407063197406;4.695670264934839;False
42;ANN;rcp26;2071-2100;KNMI;CNRM-CERFACS-CNRM-CM5;RACMO22E;r1i1p1;v2;-0.2977114312267304;1046.038658825549;1.6753020446096798;4.485369403969716;False
43;ANN;rcp26;2071-2100;KNMI;ICHEC-EC-EARTH;RACMO22E;r12i1p1;v1;0.07310641263944717;1142.1759862632778;1.721973745353182;2.354823928423872;False
44;ANN;rcp26;2071-2100;KNMI;MOHC-HadGEM2-ES;RACMO22E;r1i1p1;v2;2.074297165427538;1202.1624734022805;2.7236582249070693;5.955080578491522;False
45;ANN;rcp26;2071-2100;MPI-CSC;MPI-M-MPI-ESM-LR;REMO2009;r1i1p1;v1;3.000848048327157;1290.8465723815239;1.6026661245352898;6.8925487099378095;True
46;ANN;rcp26;2071-2100;MPI-CSC;MPI-M-MPI-ESM-LR;REMO2009;r2i1p1;v1;2.911686802973975;1263.5718227928455;1.4397362918215322;0.4972434454273159;False
47;ANN;rcp26;2071-2100;SMHI;ICHEC-EC-EARTH;RCA4;r12i1p1;v1;0.4024512081784337;1324.8808736694791;1.9475778345724848;4.887159578846279;True
48;ANN;rcp26;2071-2100;SMHI;MOHC-HadGEM2-ES;RCA4;r1i1p1;v1;2.510606412639447;1393.737988636507;2.6045829460966843;6.0921391615929625;True
49;ANN;rcp26;2071-2100;SMHI;MPI-M-MPI-ESM-LR;RCA4;r1i1p1;v1a;1.4566449814126372;1403.2714825691344;1.2601940055761816;6.526894455890319;True
50;ANN;rcp26;2071-2100;SMHI;NCC-NorESM1-M;RCA4;r1i1p1;v1;0.3345492565056247;1314.1742804513544;1.6177393122677017;3.0909331046197406;False
51;ANN;rcp45;2031-2060;CLMcom;ICHEC-EC-EARTH;CCLM4-8-17;r12i1p1;v1;1.6113266728625035;1154.9091994540843;1.963173791821589;3.3778468972940496;True
52;ANN;rcp45;2031-2060;CLMcom;MPI-M-MPI-ESM-LR;CCLM4-8-17;r1i1p1;v1;2.0875406598512996;1204.158829008558;1.59679948884758;5.200351454426659;True
53;ANN;rcp45;2031-2060;CNRM;CNRM-CERFACS-CNRM-CM5;ALADIN63;r1i1p1;v2;1.4646607806691918;1296.1610825282269;1.9921294144981516;4.591110287470388;False
54;ANN;rcp45;2031-2060;DMI;ICHEC-EC-EARTH;HIRHAM5;r3i1p1;v2;2.10816101301117;1501.5756075322406;2.0990067379182165;8.89888613373019;True
55;ANN;rcp45;2031-2060;DMI;MOHC-HadGEM2-ES;HIRHAM5;r1i1p1;v2;3.6830041821561394;1518.1198364795362;2.6589800185873287;6.019074314195896;False
56;ANN;rcp45;2031-2060;GERICS;ICHEC-EC-EARTH;REMO2015;r12i1p1;v1;3.1861407992565205;1368.12930880703;2.330825975836433;7.912911625413818;False
57;ANN;rcp45;2031-2060;GERICS;MOHC-HadGEM2-ES;REMO2015;r1i1p1;v1;4.691542750929386;1378.1214663142607;2.7707946096654155;7.74833730507642;False
58;ANN;rcp45;2031-2060;GERICS;NCC-NorESM1-M;REMO2015;r1i1p1;v1;3.1013650092937155;1376.7520310488776;1.8714277416357277;5.200258772756258;False
59;ANN;rcp45;2031-2060;KNMI;CNRM-CERFACS-CNRM-CM5;RACMO22E;r1i1p1;v2;0.21884293680301425;1055.1801363442466;2.1918564126394244;5.398481598610415;False
60;ANN;rcp45;2031-2060;KNMI;ICHEC-EC-EARTH;RACMO22E;r12i1p1;v1;0.46930762081785815;1166.2266521399572;2.118174953531593;4.5100974596268175;False
61;ANN;rcp45;2031-2060;KNMI;MOHC-HadGEM2-ES;RACMO22E;r1i1p1;v2;2.19714800185875;1228.1116000393952;2.8465090613382813;8.242160623500492;False
62;ANN;rcp45;2031-2060;MPI-CSC;MPI-M-MPI-ESM-LR;REMO2009;r1i1p1;v1;2.8832249070632088;1223.3645740771826;1.4850429832713417;1.3044928207838717;True
63;ANN;rcp45;2031-2060;MPI-CSC;MPI-M-MPI-ESM-LR;REMO2009;r2i1p1;v1;3.142344330855053;1274.2418147014198;1.6703938197026105;1.3458733017235938;False
64;ANN;rcp45;2031-2060;SMHI;ICHEC-EC-EARTH;RCA4;r12i1p1;v1;0.8198536245353125;1352.6644360897267;2.3649802509293636;7.08670748021355;True
65;ANN;rcp45;2031-2060;SMHI;MOHC-HadGEM2-ES;RCA4;r1i1p1;v1;2.7171003717472217;1437.5792557311324;2.811076905204459;9.429361686591257;True
66;ANN;rcp45;2031-2060;SMHI;MPI-M-MPI-ESM-LR;RCA4;r1i1p1;v1a;1.575546003717477;1361.8809736074124;1.3790950278810215;3.384806531771392;True
67;ANN;rcp45;2031-2060;SMHI;NCC-NorESM1-M;RCA4;r1i1p1;v1;0.8691972583643519;1335.8814791980508;2.152387314126429;4.793763092371271;False
68;ANN;rcp45;2071-2100;CLMcom;ICHEC-EC-EARTH;CCLM4-8-17;r12i1p1;v1;2.4905378717472217;1177.2362167950457;2.8423849907063072;5.376375423552365;True
69;ANN;rcp45;2071-2100;CLMcom;MPI-M-MPI-ESM-LR;CCLM4-8-17;r1i1p1;v1;2.7837534851301484;1262.848427955435;2.293012314126429;10.327720275875485;True
70;ANN;rcp45;2071-2100;CNRM;CNRM-CERFACS-CNRM-CM5;ALADIN63;r1i1p1;v2;2.3850255576208497;1345.9765574025841;2.9124941914498095;8.610869788692066;False
71;ANN;rcp45;2071-2100;DMI;ICHEC-EC-EARTH;HIRHAM5;r3i1p1;v2;2.827085269516772;1488.7465753907607;2.8179309944238184;7.968485224596484;True
72;ANN;rcp45;2071-2100;DMI;MOHC-HadGEM2-ES;HIRHAM5;r1i1p1;v2;4.79089800185875;1540.8698994043148;3.766873838289939;7.6078425747226435;False
73;ANN;rcp45;2071-2100;GERICS;ICHEC-EC-EARTH;REMO2015;r12i1p1;v1;3.818198187732378;1341.1311995639676;2.9628833643122903;5.783401967192776;False
74;ANN;rcp45;2071-2100;GERICS;MOHC-HadGEM2-ES;REMO2015;r1i1p1;v1;5.682190985130148;1383.3450741041106;3.7614428438661776;8.156744740739871;False
75;ANN;rcp45;2071-2100;GERICS;NCC-NorESM1-M;REMO2015;r1i1p1;v1;3.659973280669192;1420.788869319906;2.430036013011204;8.565197902801923;False
76;ANN;rcp45;2071-2100;KNMI;CNRM-CERFACS-CNRM-CM5;RACMO22E;r1i1p1;v2;1.1530320631970312;1085.1703753286356;3.1260455390334414;8.394108167819066;False
77;ANN;rcp45;2071-2100;KNMI;ICHEC-EC-EARTH;RACMO22E;r12i1p1;v1;1.4310292750929534;1190.5359308515783;3.0798966078066883;6.688546290874996;False
78;ANN;rcp45;2071-2100;KNMI;MOHC-HadGEM2-ES;RACMO22E;r1i1p1;v2;3.329408689591105;1256.1903766041353;3.9787697490706364;10.71694177770054;False
79;ANN;rcp45;2071-2100;MPI-CSC;MPI-M-MPI-ESM-LR;REMO2009;r1i1p1;v1;3.6061280204461355;1290.6076259218628;2.2079460966542683;6.872762008229887;True
80;ANN;rcp45;2071-2100;MPI-CSC;MPI-M-MPI-ESM-LR;REMO2009;r2i1p1;v1;3.64783341078072;1273.5514156714248;2.1758828996282773;1.2909629292854554;False
81;ANN;rcp45;2071-2100;SMHI;ICHEC-EC-EARTH;RCA4;r12i1p1;v1;1.8558666356877325;1393.098503666961;3.4009932620817835;10.287760935418952;True
82;ANN;rcp45;2071-2100;SMHI;MOHC-HadGEM2-ES;RCA4;r1i1p1;v1;3.8199117100372177;1490.9258282871494;3.913888243494455;13.490133542959903;True
83;ANN;rcp45;2071-2100;SMHI;MPI-M-MPI-ESM-LR;RCA4;r1i1p1;v1a;2.333910315985179;1449.9011139056495;2.137459340148723;10.066701170131942;True
84;ANN;rcp45;2071-2100;SMHI;NCC-NorESM1-M;RCA4;r1i1p1;v1;1.6092355947955639;1411.5818372169392;2.892425650557641;10.732108303206394;False
85;ANN;rcp85;2031-2060;CLMcom;ICHEC-EC-EARTH;CCLM4-8-17;r12i1p1;v1;2.204611988847603;1190.0551972336043;2.5564591078066883;6.523823723196291;True
86;ANN;rcp85;2031-2060;CLMcom;MPI-M-MPI-ESM-LR;CCLM4-8-17;r1i1p1;v1;2.8475023234200876;1294.2113799344208;2.356761152416368;13.067718930001663;True
87;ANN;rcp85;2031-2060;CNRM;CNRM-CERFACS-CNRM-CM5;ALADIN63;r1i1p1;v2;1.7064416821561394;1325.0147142790286;2.2339103159850993;6.919396039389223;False
88;ANN;rcp85;2031-2060;DMI;ICHEC-EC-EARTH;HIRHAM5;r3i1p1;v2;2.6506505576208497;1487.8872640486322;2.6414962825278963;7.906165320403543;True
89;ANN;rcp85;2031-2060;DMI;MOHC-HadGEM2-ES;HIRHAM5;r1i1p1;v2;4.118122676579958;1531.3945305364061;3.094098513011147;6.946122852720467;False
90;ANN;rcp85;2031-2060;GERICS;ICHEC-EC-EARTH;REMO2015;r12i1p1;v1;3.5643645446097025;1372.2642734674494;2.709049721189615;8.23906213845497;False
91;ANN;rcp85;2031-2060;GERICS;MOHC-HadGEM2-ES;REMO2015;r1i1p1;v1;5.056406830855053;1373.859325760359;3.1356586895910823;7.415102122787549;False
92;ANN;rcp85;2031-2060;GERICS;NCC-NorESM1-M;REMO2015;r1i1p1;v1;3.154222815985179;1377.9300469281948;1.924285548327191;5.290273221653188;False
93;ANN;rcp85;2031-2060;KNMI;CNRM-CERFACS-CNRM-CM5;RACMO22E;r1i1p1;v2;0.43974210037174544;1059.8480597747746;2.4127555762081556;5.864745153855831;False
94;ANN;rcp85;2031-2060;KNMI;ICHEC-EC-EARTH;RACMO22E;r12i1p1;v1;1.141560176579958;1212.0477769371523;2.7904275092936928;8.616306325182645;False
95;ANN;rcp85;2031-2060;KNMI;MOHC-HadGEM2-ES;RACMO22E;r1i1p1;v2;2.5792925185874083;1241.1768471995251;3.2286535780669396;9.393693254286761;False
96;ANN;rcp85;2031-2060;MPI-CSC;MPI-M-MPI-ESM-LR;REMO2009;r1i1p1;v1;3.5946270910781095;1320.2059577499624;2.1964451672862424;9.323743553488967;True
97;ANN;rcp85;2031-2060;MPI-CSC;MPI-M-MPI-ESM-LR;REMO2009;r2i1p1;v1;3.411773931226776;1259.345518745011;1.9398234200743332;0.16110750197865742;False
98;ANN;rcp85;2031-2060;SMHI;ICHEC-EC-EARTH;RCA4;r12i1p1;v1;1.6145794609665813;1407.45670574416;3.1597060873606324;11.424460137940766;True
99;ANN;rcp85;2031-2060;SMHI;MOHC-HadGEM2-ES;RCA4;r1i1p1;v1;3.0988382899628277;1463.7013372130775;3.192814823420065;11.417789587938909;True
100;ANN;rcp85;2031-2060;SMHI;MPI-M-MPI-ESM-LR;RCA4;r1i1p1;v1a;2.4201672862453734;1460.4254653795058;2.2237163104089177;10.865638861518365;True
101;ANN;rcp85;2031-2060;SMHI;NCC-NorESM1-M;RCA4;r1i1p1;v1;0.8864776951672866;1368.3065246998378;2.1696677509293636;7.3373589049380135;False
102;ANN;rcp85;2071-2100;CLMcom;ICHEC-EC-EARTH;CCLM4-8-17;r12i1p1;v1;4.268506040892191;1260.2997749766896;4.620353159851277;12.811532927281162;True
103;ANN;rcp85;2071-2100;CLMcom;MPI-M-MPI-ESM-LR;CCLM4-8-17;r1i1p1;v1;4.439684014869897;1370.3601313097104;3.9489428438661776;19.72039232699197;True
104;ANN;rcp85;2071-2100;CNRM;CNRM-CERFACS-CNRM-CM5;ALADIN63;r1i1p1;v2;3.896933085501871;1425.2846027090868;4.424401719330831;15.0104729129862;False
105;ANN;rcp85;2071-2100;DMI;ICHEC-EC-EARTH;HIRHAM5;r3i1p1;v2;4.949529507434988;1532.5055714821283;4.940375232342035;11.142022347053949;True
106;ANN;rcp85;2071-2100;DMI;MOHC-HadGEM2-ES;HIRHAM5;r1i1p1;v2;6.859932620817858;1664.9054005271219;5.835908457249047;16.26995784069009;False
107;ANN;rcp85;2071-2100;GERICS;ICHEC-EC-EARTH;REMO2015;r12i1p1;v1;5.713586198884798;1455.9645851776281;4.85827137546471;14.841028986512674;False
108;ANN;rcp85;2071-2100;GERICS;MOHC-HadGEM2-ES;REMO2015;r1i1p1;v1;7.711872676579958;1488.1157217748103;5.791124535315987;16.34823102176091;False
109;ANN;rcp85;2071-2100;GERICS;NCC-NorESM1-M;REMO2015;r1i1p1;v1;5.261448652416391;1516.2604899543812;4.031511384758403;15.860367235909392;False
110;ANN;rcp85;2071-2100;KNMI;CNRM-CERFACS-CNRM-CM5;RACMO22E;r1i1p1;v2;2.7700162639405335;1124.1361294758808;4.743029739776944;12.286269496493407;False
111;ANN;rcp85;2071-2100;KNMI;ICHEC-EC-EARTH;RACMO22E;r12i1p1;v1;3.4009409851301484;1286.0602136687496;5.049808317843883;15.248848088698645;False
112;ANN;rcp85;2071-2100;KNMI;MOHC-HadGEM2-ES;RACMO22E;r1i1p1;v2;5.483654739776966;1355.7113039089181;6.133015799256498;19.48842492172301;False
113;ANN;rcp85;2071-2100;MPI-CSC;MPI-M-MPI-ESM-LR;REMO2009;r1i1p1;v1;5.0966019981412956;1345.5251048322505;3.6984200743494284;11.420373951472186;True
114;ANN;rcp85;2071-2100;MPI-CSC;MPI-M-MPI-ESM-LR;REMO2009;r2i1p1;v1;4.949907063197031;1283.5606173705655;3.4779565520445885;2.087037328625588;False
115;ANN;rcp85;2071-2100;SMHI;ICHEC-EC-EARTH;RCA4;r12i1p1;v1;3.948571096654291;1521.6910317152406;5.493697723048342;20.468076221193073;True
116;ANN;rcp85;2071-2100;SMHI;MOHC-HadGEM2-ES;RCA4;r1i1p1;v1;5.974767657992572;1612.2982836816614;6.0687441914498095;22.729074816775665;True
117;ANN;rcp85;2071-2100;SMHI;MPI-M-MPI-ESM-LR;RCA4;r1i1p1;v1a;4.315874767657988;1569.5589891486009;4.119423791821532;19.15031899117176;True
118;ANN;rcp85;2071-2100;SMHI;NCC-NorESM1-M;RCA4;r1i1p1;v1;3.144783921933083;1511.5873221571119;4.42797397769516;18.577079028490665;False
119;MAM;historical;1951-2000;CLMcom;ICHEC-EC-EARTH;CCLM4-8-17;r12i1p1;v1;-2.125255576208133;908.0270295941918;0.0;0.0;True
120;MAM;historical;1951-2000;CLMcom;MPI-M-MPI-ESM-LR;CCLM4-8-17;r1i1p1;v1;-0.6186338289962805;956.9898578424879;0.0;0.0;True
121;MAM;historical;1951-2000;CNRM;CNRM-CERFACS-CNRM-CM5;ALADIN63;r1i1p1;v2;-2.4387720724906785;1015.5864785373432;0.0;0.0;False
122;MAM;historical;1951-2000;DMI;ICHEC-EC-EARTH;HIRHAM5;r3i1p1;v2;-1.6430006970260251;1128.7687626885436;0.0;0.0;True
123;MAM;historical;1951-2000;DMI;MOHC-HadGEM2-ES;HIRHAM5;r1i1p1;v2;-0.15287523234201217;1228.0673506950136;0.0;0.0;False
124;MAM;historical;1951-2000;GERICS;ICHEC-EC-EARTH;REMO2015;r12i1p1;v1;-0.9788510687732241;1059.0465457244434;0.0;0.0;False
125;MAM;historical;1951-2000;GERICS;MOHC-HadGEM2-ES;REMO2015;r1i1p1;v1;0.5693308550186202;1084.9137291312218;0.0;0.0;False
126;MAM;historical;1951-2000;GERICS;NCC-NorESM1-M;REMO2015;r1i1p1;v1;0.32545887546473296;1078.2906402248652;0.0;0.0;False
127;MAM;historical;1951-2000;KNMI;CNRM-CERFACS-CNRM-CM5;RACMO22E;r1i1p1;v2;-4.2569354089218905;791.7625874059352;0.0;0.0;False
128;MAM;historical;1951-2000;KNMI;ICHEC-EC-EARTH;RACMO22E;r12i1p1;v1;-3.41565404275093;870.905325902439;0.0;0.0;False
129;MAM;historical;1951-2000;KNMI;MOHC-HadGEM2-ES;RACMO22E;r1i1p1;v2;-2.3199581784386396;897.4492511341563;0.0;0.0;False
130;MAM;historical;1951-2000;MPI-CSC;MPI-M-MPI-ESM-LR;REMO2009;r1i1p1;v1;0.40907295539034294;1009.1758957416594;0.0;0.0;True
131;MAM;historical;1951-2000;MPI-CSC;MPI-M-MPI-ESM-LR;REMO2009;r2i1p1;v1;0.4247560408921913;1034.1915250987813;0.0;0.0;False
132;MAM;historical;1951-2000;SMHI;ICHEC-EC-EARTH;RCA4;r12i1p1;v1;-3.8036361524163453;980.9466714060219;0.0;0.0;True
133;MAM;historical;1951-2000;SMHI;MOHC-HadGEM2-ES;RCA4;r1i1p1;v1;-2.211628717472081;1062.14826087914;0.0;0.0;True
134;MAM;historical;1951-2000;SMHI;MPI-M-MPI-ESM-LR;RCA4;r1i1p1;v1a;-1.4800999070631633;1060.892672075104;0.0;0.0;True
135;MAM;historical;1951-2000;SMHI;NCC-NorESM1-M;RCA4;r1i1p1;v1;-2.9264869888475573;979.6173336946831;0.0;0.0;False
136;MAM;rcp26;2031-2060;CLMcom-BTU;MPI-M-MPI-ESM-LR;CCLM4-8-17;r1i1p1;v1;0.6643006505576636;984.6108448937481;;;True
137;MAM;rcp26;2031-2060;CLMcom;ICHEC-EC-EARTH;CCLM4-8-17;r12i1p1;v1;-0.20994423791819372;929.9798395166167;1.9153113382899392;2.41763837495408;True
138;MAM;rcp26;2031-2060;CNRM;CNRM-CERFACS-CNRM-CM5;ALADIN63;r1i1p1;v2;-1.225365938661696;1032.7786052924994;1.2134061338289825;1.6928274566944217;False
139;MAM;rcp26;2031-2060;DMI;ICHEC-EC-EARTH;HIRHAM5;r3i1p1;v2;-0.21223861524163112;1086.3546188934586;1.430762081784394;-3.7575582525921045;True
140;MAM;rcp26;2031-2060;DMI;MOHC-HadGEM2-ES;HIRHAM5;r1i1p1;v2;2.1058375929368367;1315.9558355365102;2.258712825278849;7.1566502270219;False
141;MAM;rcp26;2031-2060;GERICS;ICHEC-EC-EARTH;REMO2015;r12i1p1;v1;1.3718691914498322;1088.9488323082712;2.3507202602230564;2.823510137920622;False
142;MAM;rcp26;2031-2060;GERICS;MOHC-HadGEM2-ES;REMO2015;r1i1p1;v1;2.777857806691486;1179.4480284682882;2.208526951672866;8.71353148169372;False
143;MAM;rcp26;2031-2060;GERICS;NCC-NorESM1-M;REMO2015;r1i1p1;v1;2.072496514869897;1159.0421974769756;1.747037639405164;7.488848946631904;False
144;MAM;rcp26;2031-2060;KNMI;CNRM-CERFACS-CNRM-CM5;RACMO22E;r1i1p1;v2;-2.746538104089211;781.1946967623602;1.5103973048326793;-1.3347297298043277;False
145;MAM;rcp26;2031-2060;KNMI;ICHEC-EC-EARTH;RACMO22E;r12i1p1;v1;-1.4764986059479384;882.3325825169627;1.9391554368029915;1.3121123817543152;False
146;MAM;rcp26;2031-2060;KNMI;MOHC-HadGEM2-ES;RACMO22E;r1i1p1;v2;-0.09490590148698175;984.5378607899283;2.225052276951658;9.704014967499651;False
147;MAM;rcp26;2031-2060;MPI-CSC;MPI-M-MPI-ESM-LR;REMO2009;r1i1p1;v1;1.7559014869888756;1031.3407747441952;1.3468285315985327;2.196334563287044;True
148;MAM;rcp26;2031-2060;MPI-CSC;MPI-M-MPI-ESM-LR;REMO2009;r2i1p1;v1;1.7058317843866462;1000.5484754212725;1.2810757434944549;-3.2530772938112436;False
149;MAM;rcp26;2031-2060;SMHI;ICHEC-EC-EARTH;RCA4;r12i1p1;v1;-1.3654972118958995;1043.9438620852272;2.438138940520446;6.422081089169652;True
150;MAM;rcp26;2031-2060;SMHI;MOHC-HadGEM2-ES;RCA4;r1i1p1;v1;0.2787000464684297;1167.59838181579;2.4903287639405107;9.928003916267672;True
151;MAM;rcp26;2031-2060;SMHI;MPI-M-MPI-ESM-LR;RCA4;r1i1p1;v1a;-0.1091078066914406;1087.0149720723302;1.3709921003717227;2.4622943191916864;True
152;MAM;rcp26;2031-2060;SMHI;NCC-NorESM1-M;RCA4;r1i1p1;v1;-0.9928496747211852;1070.4726005049222;1.933637314126372;9.274567087086254;False
153;MAM;rcp26;2071-2100;CLMcom-BTU;MPI-M-MPI-ESM-LR;CCLM4-8-17;r1i1p1;v1;1.1106296468401524;988.8217436142791;;;True
154;MAM;rcp26;2071-2100;CLMcom;ICHEC-EC-EARTH;CCLM4-8-17;r12i1p1;v1;-0.44295422862450096;894.6054932685589;1.682301347583632;-1.478098766688823;True
155;MAM;rcp26;2071-2100;CNRM;CNRM-CERFACS-CNRM-CM5;ALADIN63;r1i1p1;v2;-1.2031482342007394;1078.609126246773;1.2356238382899392;6.205542220313495;False
156;MAM;rcp26;2071-2100;DMI;ICHEC-EC-EARTH;HIRHAM5;r3i1p1;v2;0.35203299256505716;1120.9060365936568;1.9950336895910823;-0.6965754505961872;True
157;MAM;rcp26;2071-2100;DMI;MOHC-HadGEM2-ES;HIRHAM5;r1i1p1;v2;2.181435873605949;1275.614418438376;2.334311105947961;3.8716987074408977;False
158;MAM;rcp26;2071-2100;GERICS;ICHEC-EC-EARTH;REMO2015;r12i1p1;v1;1.008921933085503;1050.58312112237;1.9877730018587272;-0.7991551113821921;False
159;MAM;rcp26;2071-2100;GERICS;MOHC-HadGEM2-ES;REMO2015;r1i1p1;v1;2.8545016263940965;1107.5075536301588;2.2851707713754763;2.082545726196096;False
160;MAM;rcp26;2071-2100;GERICS;NCC-NorESM1-M;REMO2015;r1i1p1;v1;1.6800999070632088;1202.9120900733985;1.3546410315984758;11.55731536559984;False
161;MAM;rcp26;2071-2100;KNMI;CNRM-CERFACS-CNRM-CM5;RACMO22E;r1i1p1;v2;-2.7342820631969857;831.1980947782891;1.5226533457249047;4.980723767405737;False
162;MAM;rcp26;2071-2100;KNMI;ICHEC-EC-EARTH;RACMO22E;r12i1p1;v1;-1.6834862918215663;862.4778470640732;1.7321677509293636;-0.9676687680871857;False
163;MAM;rcp26;2071-2100;KNMI;MOHC-HadGEM2-ES;RACMO22E;r1i1p1;v2;-0.03679135687730195;939.8450396456461;2.2831668215613377;4.7240318556076515;False
164;MAM;rcp26;2071-2100;MPI-CSC;MPI-M-MPI-ESM-LR;REMO2009;r1i1p1;v1;2.247595260223079;1053.2659424835865;1.8385223048327362;4.368915956868405;True
165;MAM;rcp26;2071-2100;MPI-CSC;MPI-M-MPI-ESM-LR;REMO2009;r2i1p1;v1;1.8531075743494512;1017.2324448907021;1.4283515334572598;-1.6398394104476233;False
166;MAM;rcp26;2071-2100;SMHI;ICHEC-EC-EARTH;RCA4;r12i1p1;v1;-1.8138592007434795;1001.4349919158728;1.9897769516728658;2.0886273542765057;True
167;MAM;rcp26;2071-2100;SMHI;MOHC-HadGEM2-ES;RCA4;r1i1p1;v1;0.25944470260225216;1115.3030862761696;2.471073420074333;5.004463816852978;True
168;MAM;rcp26;2071-2100;SMHI;MPI-M-MPI-ESM-LR;RCA4;r1i1p1;v1a;-0.001359200743479505;1062.9639784227295;1.4787407063196838;0.19524183757193914;True
169;MAM;rcp26;2071-2100;SMHI;NCC-NorESM1-M;RCA4;r1i1p1;v1;-1.3653229553902975;1078.1018430221702;1.5611640334572598;10.053365323380609;False
170;MAM;rcp45;2031-2060;CLMcom;ICHEC-EC-EARTH;CCLM4-8-17;r12i1p1;v1;-0.1129995353159643;917.84808963648;2.0122560408921686;1.0815823452609428;True
171;MAM;rcp45;2031-2060;CLMcom;MPI-M-MPI-ESM-LR;CCLM4-8-17;r1i1p1;v1;0.7496282527881135;971.7527502199088;1.368262081784394;1.542638331685509;True
172;MAM;rcp45;2031-2060;CNRM;CNRM-CERFACS-CNRM-CM5;ALADIN63;r1i1p1;v2;-0.5865706319702326;1014.7648610811693;1.8522014405204459;-0.08090078723351347;False
173;MAM;rcp45;2031-2060;DMI;ICHEC-EC-EARTH;HIRHAM5;r3i1p1;v2;0.5646259293680487;1196.2744699008624;2.207626626394074;5.9804726569090425;True
174;MAM;rcp45;2031-2060;DMI;MOHC-HadGEM2-ES;HIRHAM5;r1i1p1;v2;2.596485827137542;1260.0844281673653;2.749361059479554;2.6071108766332576;False
175;MAM;rcp45;2031-2060;GERICS;ICHEC-EC-EARTH;REMO2015;r12i1p1;v1;2.133660548327157;1150.396858903555;3.112511617100381;8.625712774184382;False
176;MAM;rcp45;2031-2060;GERICS;MOHC-HadGEM2-ES;REMO2015;r1i1p1;v1;3.564045074349451;1153.778710648362;2.994714219330831;6.347507609871071;False
177;MAM;rcp45;2031-2060;GERICS;NCC-NorESM1-M;REMO2015;r1i1p1;v1;2.2657179368030143;1235.1076945302432;1.9402590613382813;14.543115599396794;False
178;MAM;rcp45;2031-2060;KNMI;CNRM-CERFACS-CNRM-CM5;RACMO22E;r1i1p1;v2;-2.2101184944237957;780.7854722700597;2.0468169144980948;-1.3864149822789582;False
179;MAM;rcp45;2031-2060;KNMI;ICHEC-EC-EARTH;RACMO22E;r12i1p1;v1;-1.301777416356856;871.2814999585037;2.113876626394074;0.04319344995104625;False
180;MAM;rcp45;2031-2060;KNMI;MOHC-HadGEM2-ES;RACMO22E;r1i1p1;v2;0.5624767657992606;950.013757499842;2.8824349442379003;5.857100699483236;False
181;MAM;rcp45;2031-2060;MPI-CSC;MPI-M-MPI-ESM-LR;REMO2009;r1i1p1;v1;1.6672049256505943;986.3843149135104;1.2581319702602514;-2.258434919454664;True
182;MAM;rcp45;2031-2060;MPI-CSC;MPI-M-MPI-ESM-LR;REMO2009;r2i1p1;v1;1.9762778810409145;958.4590453336009;1.5515218401487232;-7.322867953104407;False
183;MAM;rcp45;2031-2060;SMHI;ICHEC-EC-EARTH;RCA4;r12i1p1;v1;-1.2759874535315703;1034.133509291703;2.527648698884775;5.421990760154858;True
184;MAM;rcp45;2031-2060;SMHI;MOHC-HadGEM2-ES;RCA4;r1i1p1;v1;0.9470318308550532;1143.7204522686598;3.158660548327134;7.679925147361497;True
185;MAM;rcp45;2031-2060;SMHI;MPI-M-MPI-ESM-LR;RCA4;r1i1p1;v1a;-0.2023640799256441;1038.5795304544795;1.2777358271375192;-2.103242128817802;True
186;MAM;rcp45;2031-2060;SMHI;NCC-NorESM1-M;RCA4;r1i1p1;v1;-0.41065868959105956;1160.1953026142705;2.5158282992564978;18.433521203481277;False
187;MAM;rcp45;2071-2100;CLMcom;ICHEC-EC-EARTH;CCLM4-8-17;r12i1p1;v1;0.9286768122676676;970.2933959164362;3.0539323884758005;6.857325199897622;True
188;MAM;rcp45;2071-2100;CLMcom;MPI-M-MPI-ESM-LR;CCLM4-8-17;r1i1p1;v1;1.5501626394052437;1010.927951263894;2.168796468401524;5.636224143796914;True
189;MAM;rcp45;2071-2100;CNRM;CNRM-CERFACS-CNRM-CM5;ALADIN63;r1i1p1;v2;0.2655727230483649;1103.4835947324352;2.7043447955390434;8.654813553808065;False
190;MAM;rcp45;2071-2100;DMI;ICHEC-EC-EARTH;HIRHAM5;r3i1p1;v2;1.2878485130111699;1224.158877123244;2.930849210037195;8.45081097101738;True
191;MAM;rcp45;2071-2100;DMI;MOHC-HadGEM2-ES;HIRHAM5;r1i1p1;v2;3.3479670074349883;1290.9076474025346;3.5008422397770005;5.117007358917008;False
192;MAM;rcp45;2071-2100;GERICS;ICHEC-EC-EARTH;REMO2015;r12i1p1;v1;2.331499767657988;1119.6254277899584;3.310350836431212;5.720134049828362;False
193;MAM;rcp45;2071-2100;GERICS;MOHC-HadGEM2-ES;REMO2015;r1i1p1;v1;4.165810873605949;1133.4821372974984;3.5964800185873287;4.476706936427953;False
194;MAM;rcp45;2071-2100;GERICS;NCC-NorESM1-M;REMO2015;r1i1p1;v1;2.8910664498141614;1218.1101556327264;2.5656075743494284;12.966774466177629;False
195;MAM;rcp45;2071-2100;KNMI;CNRM-CERFACS-CNRM-CM5;RACMO22E;r1i1p1;v2;-1.3809479553902975;884.4949551079021;2.875987453531593;11.71214315717891;False
196;MAM;rcp45;2071-2100;KNMI;ICHEC-EC-EARTH;RACMO22E;r12i1p1;v1;-0.27555181226762215;931.5863638617735;3.1401022304833077;6.967581452835457;False
197;MAM;rcp45;2071-2100;KNMI;MOHC-HadGEM2-ES;RACMO22E;r1i1p1;v2;1.3717820631970312;989.374259502028;3.691740241635671;10.242919948030611;False
198;MAM;rcp45;2071-2100;MPI-CSC;MPI-M-MPI-ESM-LR;REMO2009;r1i1p1;v1;2.595759758364352;1055.6331185215467;2.186686802974009;4.603481214317465;True
199;MAM;rcp45;2071-2100;MPI-CSC;MPI-M-MPI-ESM-LR;REMO2009;r2i1p1;v1;2.6854147304832736;1041.0548715564842;2.2606586895910823;0.6636436570148198;False
200;MAM;rcp45;2071-2100;SMHI;ICHEC-EC-EARTH;RCA4;r12i1p1;v1;-0.1912116635687653;1118.3780333089562;3.61242448884758;14.010074748095088;True
201;MAM;rcp45;2071-2100;SMHI;MOHC-HadGEM2-ES;RCA4;r1i1p1;v1;1.8412000464684297;1203.1831582793516;4.052828763940511;13.278268448462839;True
202;MAM;rcp45;2071-2100;SMHI;MPI-M-MPI-ESM-LR;RCA4;r1i1p1;v1a;0.6425766728625035;1112.9616950413551;2.122676579925667;4.908038705216449;True
203;MAM;rcp45;2071-2100;SMHI;NCC-NorESM1-M;RCA4;r1i1p1;v1;0.3269400557621225;1136.9950982108435;3.25342704460968;16.065228646230768;False
204;MAM;rcp85;2031-2060;CLMcom;ICHEC-EC-EARTH;CCLM4-8-17;r12i1p1;v1;0.45542518587365066;983.4253994948801;2.5806807620817835;8.303538049344704;True
205;MAM;rcp85;2031-2060;CLMcom;MPI-M-MPI-ESM-LR;CCLM4-8-17;r1i1p1;v1;1.487197955390343;1048.1806548665447;2.1058317843866234;9.528919901998172;True
206;MAM;rcp85;2031-2060;CNRM;CNRM-CERFACS-CNRM-CM5;ALADIN63;r1i1p1;v2;-0.5883422397769209;1021.9393732988701;1.8504298327137576;0.6255395178829506;False
207;MAM;rcp85;2031-2060;DMI;ICHEC-EC-EARTH;HIRHAM5;r3i1p1;v2;1.1733619888476028;1174.561152726301;2.816362685873628;4.056844196209631;True
208;MAM;rcp85;2031-2060;DMI;MOHC-HadGEM2-ES;HIRHAM5;r1i1p1;v2;2.755436802973975;1158.6520384429334;2.908312035315987;-5.652402713319863;False
209;MAM;rcp85;2031-2060;GERICS;ICHEC-EC-EARTH;REMO2015;r12i1p1;v1;2.082371050185884;1132.0449622950366;3.0612221189591082;6.892843082799403;False
210;MAM;rcp85;2031-2060;GERICS;MOHC-HadGEM2-ES;REMO2015;r1i1p1;v1;3.65332249070633;1027.770125796693;3.0839916356877097;-5.267110351740902;False
211;MAM;rcp85;2031-2060;GERICS;NCC-NorESM1-M;REMO2015;r1i1p1;v1;2.2449523698884946;1145.2797773131429;1.9194934944237616;6.212530702696981;False
212;MAM;rcp85;2031-2060;KNMI;CNRM-CERFACS-CNRM-CM5;RACMO22E;r1i1p1;v2;-2.132254879182142;781.2402571984272;2.1246805297397486;-1.3289754245628589;False
213;MAM;rcp85;2031-2060;KNMI;ICHEC-EC-EARTH;RACMO22E;r12i1p1;v1;-0.70372908921928;947.360763474468;2.71192495353165;8.778846023568084;False
214;MAM;rcp85;2031-2060;KNMI;MOHC-HadGEM2-ES;RACMO22E;r1i1p1;v2;0.652247908921936;891.7986644854333;2.9722060873605756;-0.6296274292481803;False
215;MAM;rcp85;2031-2060;MPI-CSC;MPI-M-MPI-ESM-LR;REMO2009;r1i1p1;v1;2.5160664498141614;1092.2065673735283;2.1069934944238184;8.227571821941746;True
216;MAM;rcp85;2031-2060;MPI-CSC;MPI-M-MPI-ESM-LR;REMO2009;r2i1p1;v1;2.4176405669145424;1028.8512301489322;1.992884526022351;-0.5163738843575262;False
217;MAM;rcp85;2031-2060;SMHI;ICHEC-EC-EARTH;RCA4;r12i1p1;v1;-0.5098396840148212;1096.0204238286692;3.293796468401524;11.730887700317957;True
218;MAM;rcp85;2031-2060;SMHI;MOHC-HadGEM2-ES;RCA4;r1i1p1;v1;0.8780552973977933;1049.8376562415888;3.0896840148698743;-1.1590288372135182;True
219;MAM;rcp85;2031-2060;SMHI;MPI-M-MPI-ESM-LR;RCA4;r1i1p1;v1a;0.8145097583643519;1140.3637297811563;2.294609665427515;7.4909611309320265;True
220;MAM;rcp85;2031-2060;SMHI;NCC-NorESM1-M;RCA4;r1i1p1;v1;-0.6576672862453279;1104.3897776023161;2.2688197026022294;12.736855465495555;False
221;MAM;rcp85;2071-2100;CLMcom;ICHEC-EC-EARTH;CCLM4-8-17;r12i1p1;v1;2.731186105947984;1005.8612374457284;4.856441682156117;10.77437176019527;True
222;MAM;rcp85;2071-2100;CLMcom;MPI-M-MPI-ESM-LR;CCLM4-8-17;r1i1p1;v1;3.073222583643144;1096.824013774169;3.6918564126394244;14.611874387773977;True
223;MAM;rcp85;2071-2100;CNRM;CNRM-CERFACS-CNRM-CM5;ALADIN63;r1i1p1;v2;1.628984665427538;1090.3506078352273;4.0677567379182165;7.361670411914105;False
224;MAM;rcp85;2071-2100;DMI;ICHEC-EC-EARTH;HIRHAM5;r3i1p1;v2;3.306174488847603;1191.3218210593254;4.949175185873628;5.541707073979484;True
225;MAM;rcp85;2071-2100;DMI;MOHC-HadGEM2-ES;HIRHAM5;r1i1p1;v2;4.836117565055758;1395.8155226696379;4.988992797397771;13.659525422582782;False
226;MAM;rcp85;2071-2100;GERICS;ICHEC-EC-EARTH;REMO2015;r12i1p1;v1;4.40698187732346;1135.8746611080426;5.385832946096684;7.254460693325321;False
227;MAM;rcp85;2071-2100;GERICS;MOHC-HadGEM2-ES;REMO2015;r1i1p1;v1;5.734526022304863;1208.645603271222;5.165195167286242;11.404766187177149;False
228;MAM;rcp85;2071-2100;GERICS;NCC-NorESM1-M;REMO2015;r1i1p1;v1;4.1715032527881135;1291.3420557809584;3.8460443773233806;19.758255113080057;False
229;MAM;rcp85;2071-2100;KNMI;CNRM-CERFACS-CNRM-CM5;RACMO22E;r1i1p1;v2;0.010490241635693565;826.7086437034341;4.267425650557584;4.413703912430781;False
230;MAM;rcp85;2071-2100;KNMI;ICHEC-EC-EARTH;RACMO22E;r12i1p1;v1;1.8187209572490701;954.802519880706;5.234375;9.633331142088501;False
231;MAM;rcp85;2071-2100;KNMI;MOHC-HadGEM2-ES;RACMO22E;r1i1p1;v2;3.080483271375499;1059.18453812433;5.400441449814139;18.021663819517347;False
232;MAM;rcp85;2071-2100;MPI-CSC;MPI-M-MPI-ESM-LR;REMO2009;r1i1p1;v1;4.025970027881044;1076.7919531708314;3.6168970724907012;6.700126084509765;True
233;MAM;rcp85;2071-2100;MPI-CSC;MPI-M-MPI-ESM-LR;REMO2009;r2i1p1;v1;3.910408921933083;979.7615537800752;3.4856528810408918;-5.263045576930933;False
234;MAM;rcp85;2071-2100;SMHI;ICHEC-EC-EARTH;RCA4;r12i1p1;v1;2.055245120817858;1154.5989077552101;5.8588812732342035;17.70251547928563;True
235;MAM;rcp85;2071-2100;SMHI;MOHC-HadGEM2-ES;RCA4;r1i1p1;v1;3.672200278810408;1298.3365114071999;5.883828996282489;22.23684387832702;True
236;MAM;rcp85;2071-2100;SMHI;MPI-M-MPI-ESM-LR;RCA4;r1i1p1;v1a;2.803560641263971;1238.390886625725;4.283660548327134;16.731024657134718;True
237;MAM;rcp85;2071-2100;SMHI;NCC-NorESM1-M;RCA4;r1i1p1;v1;1.5183898698884946;1260.4115455428685;4.444876858736052;28.663663064143005;False
238;JJA;historical;1951-2000;CLMcom;ICHEC-EC-EARTH;CCLM4-8-17;r12i1p1;v1;8.653438661710084;1165.9931685623183;0.0;0.0;True
239;JJA;historical;1951-2000;CLMcom;MPI-M-MPI-ESM-LR;CCLM4-8-17;r1i1p1;v1;9.452433782527919;1266.0313215369852;0.0;0.0;True
240;JJA;historical;1951-2000;CNRM;CNRM-CERFACS-CNRM-CM5;ALADIN63;r1i1p1;v2;10.62526719330856;1359.635729096193;0.0;0.0;False
241;JJA;historical;1951-2000;DMI;ICHEC-EC-EARTH;HIRHAM5;r3i1p1;v2;8.699035780669192;1360.83078916742;0.0;0.0;True
242;JJA;historical;1951-2000;DMI;MOHC-HadGEM2-ES;HIRHAM5;r1i1p1;v2;9.567007434944287;1371.5568302455445;0.0;0.0;False
243;JJA;historical;1951-2000;GERICS;ICHEC-EC-EARTH;REMO2015;r12i1p1;v1;9.649459804832759;1188.65385873721;0.0;0.0;False
244;JJA;historical;1951-2000;GERICS;MOHC-HadGEM2-ES;REMO2015;r1i1p1;v1;10.48911477695168;1222.3334004666283;0.0;0.0;False
245;JJA;historical;1951-2000;GERICS;NCC-NorESM1-M;REMO2015;r1i1p1;v1;9.336262778810408;1157.4582894633916;0.0;0.0;False
246;JJA;historical;1951-2000;KNMI;CNRM-CERFACS-CNRM-CM5;RACMO22E;r1i1p1;v2;8.957922862453529;998.8709336098242;0.0;0.0;False
247;JJA;historical;1951-2000;KNMI;ICHEC-EC-EARTH;RACMO22E;r12i1p1;v1;7.217971654275118;1011.2295023515321;0.0;0.0;False
248;JJA;historical;1951-2000;KNMI;MOHC-HadGEM2-ES;RACMO22E;r1i1p1;v2;8.469307620817858;1081.0132313672052;0.0;0.0;False
249;JJA;historical;1951-2000;MPI-CSC;MPI-M-MPI-ESM-LR;REMO2009;r1i1p1;v1;10.094569005576204;1168.914717867915;0.0;0.0;True
250;JJA;historical;1951-2000;MPI-CSC;MPI-M-MPI-ESM-LR;REMO2009;r2i1p1;v1;10.023966078066962;1193.7819753493075;0.0;0.0;False
251;JJA;historical;1951-2000;SMHI;ICHEC-EC-EARTH;RCA4;r12i1p1;v1;7.049378485130148;1295.7634939746342;0.0;0.0;True
252;JJA;historical;1951-2000;SMHI;MOHC-HadGEM2-ES;RCA4;r1i1p1;v1;8.209549256505625;1301.5930446384123;0.0;0.0;True
253;JJA;historical;1951-2000;SMHI;MPI-M-MPI-ESM-LR;RCA4;r1i1p1;v1a;8.856999302973975;1446.4352430353376;0.0;0.0;True
254;JJA;historical;1951-2000;SMHI;NCC-NorESM1-M;RCA4;r1i1p1;v1;6.994574814126395;1306.837848410509;0.0;0.0;False
255;JJA;rcp26;2031-2060;CLMcom-BTU;MPI-M-MPI-ESM-LR;CCLM4-8-17;r1i1p1;v1;10.836146607806711;1341.292245325989;;;True
256;JJA;rcp26;2031-2060;CLMcom;ICHEC-EC-EARTH;CCLM4-8-17;r12i1p1;v1;9.889730483271421;1231.5363900368984;1.2362918215613377;5.621235461902043;True
257;JJA;rcp26;2031-2060;CNRM;CNRM-CERFACS-CNRM-CM5;ALADIN63;r1i1p1;v2;12.037500000000023;1424.0373174857252;1.4122328066914633;4.736679612880038;False
258;JJA;rcp26;2031-2060;DMI;ICHEC-EC-EARTH;HIRHAM5;r3i1p1;v2;9.450546003717477;1433.6433584916103;0.7515102230482853;5.3505968489100875;True
259;JJA;rcp26;2031-2060;DMI;MOHC-HadGEM2-ES;HIRHAM5;r1i1p1;v2;11.742657992565057;1523.7933672327536;2.17565055762077;11.099542769945211;False
260;JJA;rcp26;2031-2060;GERICS;ICHEC-EC-EARTH;REMO2015;r12i1p1;v1;10.971747211895945;1285.5677894832477;1.322287407063186;8.15325084200678;False
261;JJA;rcp26;2031-2060;GERICS;MOHC-HadGEM2-ES;REMO2015;r1i1p1;v1;12.595992100371745;1318.5277603926713;2.106877323420065;7.869731767889244;False
262;JJA;rcp26;2031-2060;GERICS;NCC-NorESM1-M;REMO2015;r1i1p1;v1;10.577462825278815;1186.0342975498131;1.241200046468407;2.4688585624687907;False
263;JJA;rcp26;2031-2060;KNMI;CNRM-CERFACS-CNRM-CM5;RACMO22E;r1i1p1;v2;10.362894981412637;1052.670925373703;1.4049721189591082;5.386080418763501;False
264;JJA;rcp26;2031-2060;KNMI;ICHEC-EC-EARTH;RACMO22E;r12i1p1;v1;8.794876858736075;1089.9500693253424;1.5769052044609566;7.784639074587123;False
265;JJA;rcp26;2031-2060;KNMI;MOHC-HadGEM2-ES;RACMO22E;r1i1p1;v2;10.877532527881044;1226.320867312442;2.408224907063186;13.441799945543654;False
266;JJA;rcp26;2031-2060;MPI-CSC;MPI-M-MPI-ESM-LR;REMO2009;r1i1p1;v1;11.429257667286265;1235.1924784592316;1.3346886617100608;5.670025330180299;True
267;JJA;rcp26;2031-2060;MPI-CSC;MPI-M-MPI-ESM-LR;REMO2009;r2i1p1;v1;11.115363615241677;1162.8594409189702;1.0913975371747142;-2.590299993538523;False
268;JJA;rcp26;2031-2060;SMHI;ICHEC-EC-EARTH;RCA4;r12i1p1;v1;8.640224210037218;1379.778249174024;1.5908457249070693;6.4838032241271355;True
269;JJA;rcp26;2031-2060;SMHI;MOHC-HadGEM2-ES;RCA4;r1i1p1;v1;10.517663801115248;1510.1915558003805;2.308114544609623;16.026400265523673;True
270;JJA;rcp26;2031-2060;SMHI;MPI-M-MPI-ESM-LR;RCA4;r1i1p1;v1a;10.09262314126397;1602.5734796206082;1.235623838289996;10.794692492255322;True
271;JJA;rcp26;2031-2060;SMHI;NCC-NorESM1-M;RCA4;r1i1p1;v1;8.363475836431235;1360.3898253305695;1.36890102230484;4.097828738675961;False
272;JJA;rcp26;2071-2100;CLMcom-BTU;MPI-M-MPI-ESM-LR;CCLM4-8-17;r1i1p1;v1;10.481360362453529;1395.483816473236;;;True
273;JJA;rcp26;2071-2100;CLMcom;ICHEC-EC-EARTH;CCLM4-8-17;r12i1p1;v1;9.73902764869888;1250.8888681166457;1.085588986988796;7.280977439945441;True
274;JJA;rcp26;2071-2100;CNRM;CNRM-CERFACS-CNRM-CM5;ALADIN63;r1i1p1;v2;12.069969795539066;1415.2284202245532;1.4447026022305067;4.088793044980878;False
275;JJA;rcp26;2071-2100;DMI;ICHEC-EC-EARTH;HIRHAM5;r3i1p1;v2;10.242019052044611;1478.5511986722954;1.5429832713754195;8.650628016500033;True
276;JJA;rcp26;2071-2100;DMI;MOHC-HadGEM2-ES;HIRHAM5;r1i1p1;v2;12.28212709107811;1411.256686478964;2.7151196561338224;2.8945104831210093;False
277;JJA;rcp26;2071-2100;GERICS;ICHEC-EC-EARTH;REMO2015;r12i1p1;v1;10.917553438661741;1245.7150818108405;1.2680936338289825;4.8004911315604195;False
278;JJA;rcp26;2071-2100;GERICS;MOHC-HadGEM2-ES;REMO2015;r1i1p1;v1;13.242338522304863;1272.6347440680606;2.753223745353182;4.11519014225005;False
279;JJA;rcp26;2071-2100;GERICS;NCC-NorESM1-M;REMO2015;r1i1p1;v1;11.178415427509321;1196.8134378411958;1.8421526486989137;3.400135342764674;False
280;JJA;rcp26;2071-2100;KNMI;CNRM-CERFACS-CNRM-CM5;RACMO22E;r1i1p1;v2;10.267431459107854;1079.771190510585;1.3095085966543252;8.099170190926964;False
281;JJA;rcp26;2071-2100;KNMI;ICHEC-EC-EARTH;RACMO22E;r12i1p1;v1;8.662819470260274;1075.6368813960082;1.444847815985156;6.369214791963844;False
282;JJA;rcp26;2071-2100;KNMI;MOHC-HadGEM2-ES;RACMO22E;r1i1p1;v2;11.385374070631997;1156.2104579518277;2.9160664498141387;6.956180035790787;False
283;JJA;rcp26;2071-2100;MPI-CSC;MPI-M-MPI-ESM-LR;REMO2009;r1i1p1;v1;11.2051057156134;1252.0135662674238;1.110536710037195;7.109059979249808;True
284;JJA;rcp26;2071-2100;MPI-CSC;MPI-M-MPI-ESM-LR;REMO2009;r2i1p1;v1;11.312534851301166;1208.6864656287498;1.2885687732342035;1.2485102461930941;False
285;JJA;rcp26;2071-2100;SMHI;ICHEC-EC-EARTH;RCA4;r12i1p1;v1;8.4941682156134;1422.2859175093333;1.4447897304832509;9.76431456226656;True
286;JJA;rcp26;2071-2100;SMHI;MOHC-HadGEM2-ES;RCA4;r1i1p1;v1;10.910118494423841;1440.865070009985;2.7005692379182165;10.700120590323456;True
287;JJA;rcp26;2071-2100;SMHI;MPI-M-MPI-ESM-LR;RCA4;r1i1p1;v1a;9.818924256505625;1628.7276828488452;0.9619249535316499;12.60287598019029;True
288;JJA;rcp26;2071-2100;SMHI;NCC-NorESM1-M;RCA4;r1i1p1;v1;8.820724907063209;1347.1668101376317;1.826150092936814;3.0859958468584563;False
289;JJA;rcp45;2031-2060;CLMcom;ICHEC-EC-EARTH;CCLM4-8-17;r12i1p1;v1;10.171212825278815;1188.0876856444052;1.5177741635687312;1.8949096510856642;True
290;JJA;rcp45;2031-2060;CLMcom;MPI-M-MPI-ESM-LR;CCLM4-8-17;r1i1p1;v1;10.838702369888495;1407.612070108878;1.3862685873605756;11.183036798806164;True
291;JJA;rcp45;2031-2060;CNRM;CNRM-CERFACS-CNRM-CM5;ALADIN63;r1i1p1;v2;12.346253485130148;1455.472379507407;1.720986291821589;7.048700498251887;False
292;JJA;rcp45;2031-2060;DMI;ICHEC-EC-EARTH;HIRHAM5;r3i1p1;v2;10.234467936803014;1477.437644800843;1.5354321561338224;8.568799042588159;True
293;JJA;rcp45;2031-2060;DMI;MOHC-HadGEM2-ES;HIRHAM5;r1i1p1;v2;11.850464684014867;1427.9450262540113;2.2834572490705796;4.111254799290517;False
294;JJA;rcp45;2031-2060;GERICS;ICHEC-EC-EARTH;REMO2015;r12i1p1;v1;11.302079460966581;1161.7180263492032;1.6526196561338224;-2.2660787402501312;False
295;JJA;rcp45;2031-2060;GERICS;MOHC-HadGEM2-ES;REMO2015;r1i1p1;v1;12.790230018587408;1265.8733349888962;2.3011152416357277;3.5620342621453895;False
296;JJA;rcp45;2031-2060;GERICS;NCC-NorESM1-M;REMO2015;r1i1p1;v1;11.246665892193334;1150.5515677224305;1.9104031133829267;-0.596714525597557;False
297;JJA;rcp45;2031-2060;KNMI;CNRM-CERFACS-CNRM-CM5;RACMO22E;r1i1p1;v2;10.764352927509321;1101.6953749312122;1.8064300650557925;10.29406681700011;False
298;JJA;rcp45;2031-2060;KNMI;ICHEC-EC-EARTH;RACMO22E;r12i1p1;v1;8.97482574349442;1095.4733708229428;1.7568540892193028;8.330835707968209;False
299;JJA;rcp45;2031-2060;KNMI;MOHC-HadGEM2-ES;RACMO22E;r1i1p1;v2;11.039126394052062;1166.2560424452379;2.5698187732342035;7.885454923638838;False
300;JJA;rcp45;2031-2060;MPI-CSC;MPI-M-MPI-ESM-LR;REMO2009;r1i1p1;v1;11.345120817843906;1231.2419406958893;1.2505518122677017;5.332059035209886;True
301;JJA;rcp45;2031-2060;MPI-CSC;MPI-M-MPI-ESM-LR;REMO2009;r2i1p1;v1;11.493267890334607;1282.0029311906892;1.469301812267645;7.390039191667964;False
302;JJA;rcp45;2031-2060;SMHI;ICHEC-EC-EARTH;RCA4;r12i1p1;v1;8.868993959107854;1390.3033654513633;1.8196154739777057;7.29607462444685;True
303;JJA;rcp45;2031-2060;SMHI;MOHC-HadGEM2-ES;RCA4;r1i1p1;v1;10.63888824349442;1475.6233124235528;2.429338986988796;13.370559139203664;True
304;JJA;rcp45;2031-2060;SMHI;MPI-M-MPI-ESM-LR;RCA4;r1i1p1;v1a;10.152015566914542;1626.4249688187497;1.2950162639405676;12.443676732164263;True
305;JJA;rcp45;2031-2060;SMHI;NCC-NorESM1-M;RCA4;r1i1p1;v1;8.9782527881041;1277.4994405090367;1.9836779739777057;-2.244992210560493;False
306;JJA;rcp45;2071-2100;CLMcom;ICHEC-EC-EARTH;CCLM4-8-17;r12i1p1;v1;10.794208875464733;1255.473646482792;2.1407702137546494;7.674185435477652;True
307;JJA;rcp45;2071-2100;CLMcom;MPI-M-MPI-ESM-LR;CCLM4-8-17;r1i1p1;v1;11.237749767657988;1419.4510095126125;1.7853159851300688;12.118158955923219;True
308;JJA;rcp45;2071-2100;CNRM;CNRM-CERFACS-CNRM-CM5;ALADIN63;r1i1p1;v2;13.148385223048365;1477.041913627138;2.5231180297398055;8.635120570786254;False
309;JJA;rcp45;2071-2100;DMI;ICHEC-EC-EARTH;HIRHAM5;r3i1p1;v2;11.168018122676585;1455.3270668456103;2.4689823420073935;6.944013791457834;True
310;JJA;rcp45;2071-2100;DMI;MOHC-HadGEM2-ES;HIRHAM5;r1i1p1;v2;13.160408921933083;1419.6139126545213;3.593401486988796;3.5038345731815785;False
311;JJA;rcp45;2071-2100;GERICS;ICHEC-EC-EARTH;REMO2015;r12i1p1;v1;11.96887197955391;1276.3326781666854;2.319412174721151;7.3763121858387555;False
312;JJA;rcp45;2071-2100;GERICS;MOHC-HadGEM2-ES;REMO2015;r1i1p1;v1;13.997275789962828;1311.5967834555304;3.508161013011147;7.302703415845935;False
313;JJA;rcp45;2071-2100;GERICS;NCC-NorESM1-M;REMO2015;r1i1p1;v1;11.741554368029767;1230.770384719713;2.4052915892193596;6.333886579213991;False
314;JJA;rcp45;2071-2100;KNMI;CNRM-CERFACS-CNRM-CM5;RACMO22E;r1i1p1;v2;11.485339219330854;1101.2390057670582;2.5274163568773247;10.248378315232946;False
315;JJA;rcp45;2071-2100;KNMI;ICHEC-EC-EARTH;RACMO22E;r12i1p1;v1;9.878868494423841;1133.06368053458;2.660896840148723;12.048123388383384;False
316;JJA;rcp45;2071-2100;KNMI;MOHC-HadGEM2-ES;RACMO22E;r1i1p1;v2;12.433555994423841;1186.5308735256522;3.964248373605983;9.760994509289597;False
317;JJA;rcp45;2071-2100;MPI-CSC;MPI-M-MPI-ESM-LR;REMO2009;r1i1p1;v1;11.78941682156136;1239.1585308075173;1.694847815985156;6.0093188892108325;True
318;JJA;rcp45;2071-2100;MPI-CSC;MPI-M-MPI-ESM-LR;REMO2009;r2i1p1;v1;11.742251394052062;1179.3923070716592;1.7182853159850993;-1.2053849509193444;False
319;JJA;rcp45;2071-2100;SMHI;ICHEC-EC-EARTH;RCA4;r12i1p1;v1;9.792669609665438;1485.490697705391;2.74329112453529;14.642116760735888;True
320;JJA;rcp45;2071-2100;SMHI;MOHC-HadGEM2-ES;RCA4;r1i1p1;v1;11.987459340148746;1513.9042396804657;3.777910083643121;16.311641792848885;True
321;JJA;rcp45;2071-2100;SMHI;MPI-M-MPI-ESM-LR;RCA4;r1i1p1;v1a;10.607493029739771;1639.8140556251692;1.7504937267657965;13.369337723272487;True
322;JJA;rcp45;2071-2100;SMHI;NCC-NorESM1-M;RCA4;r1i1p1;v1;9.736559014869897;1458.6948243547993;2.7419842007435022;11.620185023642538;False
323;JJA;rcp85;2031-2060;CLMcom;ICHEC-EC-EARTH;CCLM4-8-17;r12i1p1;v1;10.827230483271421;1209.6861730388548;2.1737918215613377;3.7472779133355103;True
324;JJA;rcp85;2031-2060;CLMcom;MPI-M-MPI-ESM-LR;CCLM4-8-17;r1i1p1;v1;11.20228856877327;1430.015677055794;1.7498547862453506;12.952630217689155;True
325;JJA;rcp85;2031-2060;CNRM;CNRM-CERFACS-CNRM-CM5;ALADIN63;r1i1p1;v2;12.66299372676582;1499.3962453782117;2.03772653345726;10.279261811906293;False
326;JJA;rcp85;2031-2060;DMI;ICHEC-EC-EARTH;HIRHAM5;r3i1p1;v2;10.72511617100372;1444.900828732877;2.0260803903345277;6.177846667982303;True
327;JJA;rcp85;2031-2060;DMI;MOHC-HadGEM2-ES;HIRHAM5;r1i1p1;v2;12.418279507434988;1485.7435198853893;2.8512720724907012;8.325334183885218;False
328;JJA;rcp85;2031-2060;GERICS;ICHEC-EC-EARTH;REMO2015;r12i1p1;v1;11.772630111524165;1267.4659836137162;2.1231703066914065;6.630367982840169;False
329;JJA;rcp85;2031-2060;GERICS;MOHC-HadGEM2-ES;REMO2015;r1i1p1;v1;13.300975836431235;1326.802060019128;2.811861059479554;8.546658343183505;False
330;JJA;rcp85;2031-2060;GERICS;NCC-NorESM1-M;REMO2015;r1i1p1;v1;11.185734200743525;1205.0887207864164;1.8494714219331172;4.115088358398362;False
331;JJA;rcp85;2031-2060;KNMI;CNRM-CERFACS-CNRM-CM5;RACMO22E;r1i1p1;v2;11.133050650557664;1134.1407423541227;2.1751277881041347;13.542270997459743;False
332;JJA;rcp85;2031-2060;KNMI;ICHEC-EC-EARTH;RACMO22E;r12i1p1;v1;9.794818773234226;1119.1060169672655;2.5768471189591082;10.667856739234292;False
333;JJA;rcp85;2031-2060;KNMI;MOHC-HadGEM2-ES;RACMO22E;r1i1p1;v2;11.581035083643144;1202.5949151431762;3.111727462825286;11.247011622808824;False
334;JJA;rcp85;2031-2060;MPI-CSC;MPI-M-MPI-ESM-LR;REMO2009;r1i1p1;v1;11.622595260223079;1264.3571667123906;1.5280262546468748;8.16504808995486;True
335;JJA;rcp85;2031-2060;MPI-CSC;MPI-M-MPI-ESM-LR;REMO2009;r2i1p1;v1;11.616263940520469;1196.4107141785018;1.5922978624535062;0.22020259004374304;False
336;JJA;rcp85;2031-2060;SMHI;ICHEC-EC-EARTH;RCA4;r12i1p1;v1;9.59314591078072;1422.36545707158;2.5437674256505716;9.770452994365966;True
337;JJA;rcp85;2031-2060;SMHI;MOHC-HadGEM2-ES;RCA4;r1i1p1;v1;11.244226301115248;1528.5555800069885;3.034677044609623;17.437288582901687;True
338;JJA;rcp85;2031-2060;SMHI;MPI-M-MPI-ESM-LR;RCA4;r1i1p1;v1a;10.550540195167287;1645.2168459453546;1.6935408921933117;13.742862244760763;True
339;JJA;rcp85;2031-2060;SMHI;NCC-NorESM1-M;RCA4;r1i1p1;v1;9.093349210037218;1394.94419298706;2.098774395910823;6.741949254355746;False
340;JJA;rcp85;2071-2100;CLMcom;ICHEC-EC-EARTH;CCLM4-8-17;r12i1p1;v1;12.067355947955434;1306.5168494628708;3.4139172862453506;12.051844272279888;True
341;JJA;rcp85;2071-2100;CLMcom;MPI-M-MPI-ESM-LR;CCLM4-8-17;r1i1p1;v1;12.475377555762122;1453.6546601432628;3.0229437732342035;14.819802276179042;True
342;JJA;rcp85;2071-2100;CNRM;CNRM-CERFACS-CNRM-CM5;ALADIN63;r1i1p1;v2;14.632702137546516;1592.7240125918033;4.007434944237957;17.143436179818107;False
343;JJA;rcp85;2071-2100;DMI;ICHEC-EC-EARTH;HIRHAM5;r3i1p1;v2;13.012523234200785;1513.789846930916;4.313487453531593;11.24012323803158;True
344;JJA;rcp85;2071-2100;DMI;MOHC-HadGEM2-ES;HIRHAM5;r1i1p1;v2;15.129914033457283;1522.2417994807422;5.5629065985129955;10.98641820100311;False
345;JJA;rcp85;2071-2100;GERICS;ICHEC-EC-EARTH;REMO2015;r12i1p1;v1;13.031865706319707;1347.9514985113337;3.3824059014869476;13.401516228059599;False
346;JJA;rcp85;2071-2100;GERICS;MOHC-HadGEM2-ES;REMO2015;r1i1p1;v1;15.760809711895945;1331.3187708752748;5.271694934944264;8.916173800621113;False
347;JJA;rcp85;2071-2100;GERICS;NCC-NorESM1-M;REMO2015;r1i1p1;v1;13.720904972119001;1175.69819699045;4.3846421933085935;1.5758587322844047;False
348;JJA;rcp85;2071-2100;KNMI;CNRM-CERFACS-CNRM-CM5;RACMO22E;r1i1p1;v2;13.189596886617096;1164.4704448273856;4.231674024163567;16.578669540327958;False
349;JJA;rcp85;2071-2100;KNMI;ICHEC-EC-EARTH;RACMO22E;r12i1p1;v1;11.229704925650594;1230.2486794865706;4.011733271375476;21.658701276587284;False
350;JJA;rcp85;2071-2100;KNMI;MOHC-HadGEM2-ES;RACMO22E;r1i1p1;v2;14.463992797397793;1263.2811974692522;5.994685176579935;16.860845067689382;False
351;JJA;rcp85;2071-2100;MPI-CSC;MPI-M-MPI-ESM-LR;REMO2009;r1i1p1;v1;12.867657992565057;1197.5813005382688;2.773088986988853;2.4524101059007224;True
352;JJA;rcp85;2071-2100;MPI-CSC;MPI-M-MPI-ESM-LR;REMO2009;r2i1p1;v1;12.905616868029767;1224.5006350225676;2.881650789962805;2.573221937303228;False
353;JJA;rcp85;2071-2100;SMHI;ICHEC-EC-EARTH;RCA4;r12i1p1;v1;11.370707481412637;1594.5783332654978;4.321328996282489;23.060908929782922;True
354;JJA;rcp85;2071-2100;SMHI;MOHC-HadGEM2-ES;RCA4;r1i1p1;v1;13.937941449814161;1610.1679782081935;5.728392193308537;23.70748175406121;True
355;JJA;rcp85;2071-2100;SMHI;MPI-M-MPI-ESM-LR;RCA4;r1i1p1;v1a;12.204786245353205;1714.104006763506;3.34778694237923;18.505409420643453;True
356;JJA;rcp85;2071-2100;SMHI;NCC-NorESM1-M;RCA4;r1i1p1;v1;11.73435176579926;1461.9216395078095;4.739776951672866;11.867102815083538;False
357;SON;historical;1951-2000;CLMcom;ICHEC-EC-EARTH;CCLM4-8-17;r12i1p1;v1;0.021294144981425234;1250.3284856787845;0.0;0.0;True
358;SON;historical;1951-2000;CLMcom;MPI-M-MPI-ESM-LR;CCLM4-8-17;r1i1p1;v1;0.8457888011152477;1295.0228364300328;0.0;0.0;True
359;SON;historical;1951-2000;CNRM;CNRM-CERFACS-CNRM-CM5;ALADIN63;r1i1p1;v2;0.33263243494428707;1386.4288710057735;0.0;0.0;False
360;SON;historical;1951-2000;DMI;ICHEC-EC-EARTH;HIRHAM5;r3i1p1;v2;0.5094447026022522;1585.0070361892751;0.0;0.0;True
361;SON;historical;1951-2000;DMI;MOHC-HadGEM2-ES;HIRHAM5;r1i1p1;v2;1.4155494888476028;1610.8929026525705;0.0;0.0;False
362;SON;historical;1951-2000;GERICS;ICHEC-EC-EARTH;REMO2015;r12i1p1;v1;1.4035257899628277;1446.1937836499462;0.0;0.0;False
363;SON;historical;1951-2000;GERICS;MOHC-HadGEM2-ES;REMO2015;r1i1p1;v1;2.717332713754672;1459.5162232956923;0.0;0.0;False
364;SON;historical;1951-2000;GERICS;NCC-NorESM1-M;REMO2015;r1i1p1;v1;1.3074814126394472;1563.7983800559462;0.0;0.0;False
365;SON;historical;1951-2000;KNMI;CNRM-CERFACS-CNRM-CM5;RACMO22E;r1i1p1;v2;-0.9676986524163453;1203.839578183167;0.0;0.0;False
366;SON;historical;1951-2000;KNMI;ICHEC-EC-EARTH;RACMO22E;r12i1p1;v1;-1.0629879182155832;1325.75537182363;0.0;0.0;False
367;SON;historical;1951-2000;KNMI;MOHC-HadGEM2-ES;RACMO22E;r1i1p1;v2;0.1620643587360746;1328.6607509984403;0.0;0.0;False
368;SON;historical;1951-2000;MPI-CSC;MPI-M-MPI-ESM-LR;REMO2009;r1i1p1;v1;1.8051289498141614;1443.6104959991785;0.0;0.0;True
369;SON;historical;1951-2000;MPI-CSC;MPI-M-MPI-ESM-LR;REMO2009;r2i1p1;v1;1.8888011152416766;1528.716407253729;0.0;0.0;False
370;SON;historical;1951-2000;SMHI;ICHEC-EC-EARTH;RCA4;r12i1p1;v1;-0.28417750929367;1486.1200217143753;0.0;0.0;True
371;SON;historical;1951-2000;SMHI;MOHC-HadGEM2-ES;RCA4;r1i1p1;v1;1.2699000929368367;1508.949951974322;0.0;0.0;True
372;SON;historical;1951-2000;SMHI;MPI-M-MPI-ESM-LR;RCA4;r1i1p1;v1a;1.2573536245353125;1542.1302955445303;0.0;0.0;True
373;SON;historical;1951-2000;SMHI;NCC-NorESM1-M;RCA4;r1i1p1;v1;-0.3733387546467952;1521.3800844705238;0.0;0.0;False
374;SON;rcp26;2031-2060;CLMcom-BTU;MPI-M-MPI-ESM-LR;CCLM4-8-17;r1i1p1;v1;2.6424895446097025;1442.7886600277236;;;True
375;SON;rcp26;2031-2060;CLMcom;ICHEC-EC-EARTH;CCLM4-8-17;r12i1p1;v1;2.1769052044609793;1331.5003570737006;2.155611059479554;6.492043676894173;True
376;SON;rcp26;2031-2060;CNRM;CNRM-CERFACS-CNRM-CM5;ALADIN63;r1i1p1;v2;2.0690404275093215;1491.1539582404062;1.7364079925650344;7.553585288415169;False
377;SON;rcp26;2031-2060;DMI;ICHEC-EC-EARTH;HIRHAM5;r3i1p1;v2;1.907098048327157;1697.8472346682308;1.3976533457249047;7.11922382062416;True
378;SON;rcp26;2031-2060;DMI;MOHC-HadGEM2-ES;HIRHAM5;r1i1p1;v2;3.9290543680297674;1773.318588672739;2.5135048791821646;10.08295993810085;False
379;SON;rcp26;2031-2060;GERICS;ICHEC-EC-EARTH;REMO2015;r12i1p1;v1;3.5560002323420576;1542.518924971606;2.15247444237923;6.660597107432711;False
380;SON;rcp26;2031-2060;GERICS;MOHC-HadGEM2-ES;REMO2015;r1i1p1;v1;5.089021840148746;1565.9602609875033;2.371689126394074;7.293104111679746;False
381;SON;rcp26;2031-2060;GERICS;NCC-NorESM1-M;REMO2015;r1i1p1;v1;2.8331552044609793;1660.308603820526;1.5256737918215322;6.171526009710229;False
382;SON;rcp26;2031-2060;KNMI;CNRM-CERFACS-CNRM-CM5;RACMO22E;r1i1p1;v2;0.7370817843866462;1228.8442817762439;1.7047804368029915;2.0770793755438626;False
383;SON;rcp26;2031-2060;KNMI;ICHEC-EC-EARTH;RACMO22E;r12i1p1;v1;1.2808201672862651;1415.3905585629789;2.3438080855018484;6.761065325049528;False
384;SON;rcp26;2031-2060;KNMI;MOHC-HadGEM2-ES;RACMO22E;r1i1p1;v2;2.7426289498141614;1443.1778357430019;2.580564591078087;8.618986047304102;False
385;SON;rcp26;2031-2060;MPI-CSC;MPI-M-MPI-ESM-LR;REMO2009;r1i1p1;v1;3.4675650557621225;1549.0889146647046;1.662436105947961;7.306570502074401;True
386;SON;rcp26;2031-2060;MPI-CSC;MPI-M-MPI-ESM-LR;REMO2009;r2i1p1;v1;3.1576789033457544;1579.6500248204377;1.2688777881040778;3.331789815627653;False
387;SON;rcp26;2031-2060;SMHI;ICHEC-EC-EARTH;RCA4;r12i1p1;v1;2.182946096654291;1593.700229609212;2.467123605947961;7.238998622112162;True
388;SON;rcp26;2031-2060;SMHI;MOHC-HadGEM2-ES;RCA4;r1i1p1;v1;3.4347757899628277;1606.096273721594;2.164875697025991;6.438008206976306;True
389;SON;rcp26;2031-2060;SMHI;MPI-M-MPI-ESM-LR;RCA4;r1i1p1;v1a;2.670109200743525;1681.7901855396958;1.4127555762082125;9.056296371238286;True
390;SON;rcp26;2031-2060;SMHI;NCC-NorESM1-M;RCA4;r1i1p1;v1;1.1927044609665813;1598.2343124301904;1.5660432156133766;5.051612594653727;False
391;SON;rcp26;2071-2100;CLMcom-BTU;MPI-M-MPI-ESM-LR;CCLM4-8-17;r1i1p1;v1;2.501806459107854;1426.2235628711026;;;True
392;SON;rcp26;2071-2100;CLMcom;ICHEC-EC-EARTH;CCLM4-8-17;r12i1p1;v1;1.858509526022317;1235.8152470097887;1.8372153810408918;-1.160754060651248;True
393;SON;rcp26;2071-2100;CNRM;CNRM-CERFACS-CNRM-CM5;ALADIN63;r1i1p1;v2;2.098199349442382;1457.3169762511013;1.7655669144980948;5.112999788723577;False
394;SON;rcp26;2071-2100;DMI;ICHEC-EC-EARTH;HIRHAM5;r3i1p1;v2;2.2297630111524427;1644.7099997513135;1.7203183085501905;3.7667317683067276;True
395;SON;rcp26;2071-2100;DMI;MOHC-HadGEM2-ES;HIRHAM5;r1i1p1;v2;4.347850836431235;1767.1303451753681;2.932301347583632;9.698810036690215;False
396;SON;rcp26;2071-2100;GERICS;ICHEC-EC-EARTH;REMO2015;r12i1p1;v1;3.3618784851301484;1485.8928750798827;1.9583526951673207;2.7450741303660338;False
397;SON;rcp26;2071-2100;GERICS;MOHC-HadGEM2-ES;REMO2015;r1i1p1;v1;5.462947258364352;1574.0656483018265;2.74561454460968;7.848451642933675;False
398;SON;rcp26;2071-2100;GERICS;NCC-NorESM1-M;REMO2015;r1i1p1;v1;3.296561338289962;1681.7698636185723;1.9890799256505147;7.543906239268884;False
399;SON;rcp26;2071-2100;KNMI;CNRM-CERFACS-CNRM-CM5;RACMO22E;r1i1p1;v2;0.887958875464733;1239.5332845142561;1.8556575278810783;2.964988606285728;False
400;SON;rcp26;2071-2100;KNMI;ICHEC-EC-EARTH;RACMO22E;r12i1p1;v1;0.8497676579925724;1314.080428138209;1.9127555762081556;-0.880625787649007;False
401;SON;rcp26;2071-2100;KNMI;MOHC-HadGEM2-ES;RACMO22E;r1i1p1;v2;3.1614544609665813;1476.4247172162436;2.9993901022305067;11.121271258051683;False
402;SON;rcp26;2071-2100;MPI-CSC;MPI-M-MPI-ESM-LR;REMO2009;r1i1p1;v1;3.1698187732342262;1545.7986208225936;1.3646898234200648;7.078649338351251;True
403;SON;rcp26;2071-2100;MPI-CSC;MPI-M-MPI-ESM-LR;REMO2009;r2i1p1;v1;3.6382783457249275;1570.5098583934252;1.7494772304832509;2.7338917108096243;False
404;SON;rcp26;2071-2100;SMHI;ICHEC-EC-EARTH;RCA4;r12i1p1;v1;1.897194470260274;1522.172857909619;2.181371979553944;2.4259706933800373;True
405;SON;rcp26;2071-2100;SMHI;MOHC-HadGEM2-ES;RCA4;r1i1p1;v1;3.874744423791867;1652.478217987212;2.6048443308550304;9.511797646111232;True
406;SON;rcp26;2071-2100;SMHI;MPI-M-MPI-ESM-LR;RCA4;r1i1p1;v1a;2.4190055762081784;1665.3572901280174;1.1616519516728658;7.9906992904237955;True
407;SON;rcp26;2071-2100;SMHI;NCC-NorESM1-M;RCA4;r1i1p1;v1;1.5827195631970312;1612.951644371544;1.9560583178438264;6.018979795761513;False
408;SON;rcp45;2031-2060;CLMcom;ICHEC-EC-EARTH;CCLM4-8-17;r12i1p1;v1;2.1560815520446113;1316.8816847816718;2.134787407063186;5.3228571423578055;True
409;SON;rcp45;2031-2060;CLMcom;MPI-M-MPI-ESM-LR;CCLM4-8-17;r1i1p1;v1;2.890282295539066;1396.6965762822158;2.0444934944238184;7.851115593641982;True
410;SON;rcp45;2031-2060;CNRM;CNRM-CERFACS-CNRM-CM5;ALADIN63;r1i1p1;v2;2.5453415427509753;1489.6702394831136;2.2127091078066883;7.446567987468725;False
411;SON;rcp45;2031-2060;DMI;ICHEC-EC-EARTH;HIRHAM5;r3i1p1;v2;2.6725487918216118;1778.0422334998957;2.1631040892193596;12.17882273726192;True
412;SON;rcp45;2031-2060;DMI;MOHC-HadGEM2-ES;HIRHAM5;r1i1p1;v2;4.146468401487027;1796.6643242532436;2.7309189126394244;11.53220187976329;False
413;SON;rcp45;2031-2060;GERICS;ICHEC-EC-EARTH;REMO2015;r12i1p1;v1;3.543831319702633;1647.069199981521;2.1403055297398055;13.88993775264332;False
414;SON;rcp45;2031-2060;GERICS;MOHC-HadGEM2-ES;REMO2015;r1i1p1;v1;5.288022769516772;1630.8493569687175;2.5706900557620997;11.739035917404385;False
415;SON;rcp45;2031-2060;GERICS;NCC-NorESM1-M;REMO2015;r1i1p1;v1;3.1350255576208497;1629.304781705695;1.8275441449814025;4.188928859704113;False
416;SON;rcp45;2031-2060;KNMI;CNRM-CERFACS-CNRM-CM5;RACMO22E;r1i1p1;v2;1.3363499070632088;1273.2183983833372;2.304048559479554;5.763128365066426;False
417;SON;rcp45;2031-2060;KNMI;ICHEC-EC-EARTH;RACMO22E;r12i1p1;v1;1.2650789962825684;1395.2716381354846;2.3280669144981516;5.2435213757597054;False
418;SON;rcp45;2031-2060;KNMI;MOHC-HadGEM2-ES;RACMO22E;r1i1p1;v2;3.0138011152416766;1503.5752408677317;2.851736756505602;13.16472167465243;False
419;SON;rcp45;2031-2060;MPI-CSC;MPI-M-MPI-ESM-LR;REMO2009;r1i1p1;v1;3.6485013940520616;1504.3601477567147;1.8433724442379003;4.208174706813077;True
420;SON;rcp45;2031-2060;MPI-CSC;MPI-M-MPI-ESM-LR;REMO2009;r2i1p1;v1;3.5609665427509753;1584.7472215202883;1.6721654275092988;3.665219657530613;False
421;SON;rcp45;2031-2060;SMHI;ICHEC-EC-EARTH;RCA4;r12i1p1;v1;2.004158921933083;1589.1212418980094;2.288336431226753;6.930881670298244;True
422;SON;rcp45;2031-2060;SMHI;MOHC-HadGEM2-ES;RCA4;r1i1p1;v1;3.7191043215613604;1672.2203088127992;2.4492042286245237;10.820130689215564;True
423;SON;rcp45;2031-2060;SMHI;MPI-M-MPI-ESM-LR;RCA4;r1i1p1;v1a;2.9385803903346073;1630.5115323444502;1.6812267657992948;5.7311134510013835;True
424;SON;rcp45;2031-2060;SMHI;NCC-NorESM1-M;RCA4;r1i1p1;v1;1.5819644516728886;1596.1149327207677;1.9553032063196838;4.912306202315862;False
425;SON;rcp45;2071-2100;CLMcom;ICHEC-EC-EARTH;CCLM4-8-17;r12i1p1;v1;3.2227927509293863;1305.2474941961384;3.201498605947961;4.392366417816936;True
426;SON;rcp45;2071-2100;CLMcom;MPI-M-MPI-ESM-LR;CCLM4-8-17;r1i1p1;v1;3.231069934944287;1467.4682128828256;2.3852811338290394;13.316010467287965;True
427;SON;rcp45;2071-2100;CNRM;CNRM-CERFACS-CNRM-CM5;ALADIN63;r1i1p1;v2;3.4498780204461355;1470.747908733813;3.1172455855018484;6.081742777533972;False
428;SON;rcp45;2071-2100;DMI;ICHEC-EC-EARTH;HIRHAM5;r3i1p1;v2;3.339922165427538;1769.5461408633282;2.830477462825286;11.642794035648441;True
429;SON;rcp45;2071-2100;DMI;MOHC-HadGEM2-ES;HIRHAM5;r1i1p1;v2;5.414271607806711;1814.3643897788454;3.9987221189591082;12.630975454124204;False
430;SON;rcp45;2071-2100;GERICS;ICHEC-EC-EARTH;REMO2015;r12i1p1;v1;4.640892193308559;1546.5908479734867;3.2373664033457317;6.942158475481445;False
431;SON;rcp45;2071-2100;GERICS;MOHC-HadGEM2-ES;REMO2015;r1i1p1;v1;6.510490241635694;1653.7368660051804;3.7931575278810215;13.30719313766339;False
432;SON;rcp45;2071-2100;GERICS;NCC-NorESM1-M;REMO2015;r1i1p1;v1;3.7049024163569015;1776.907265130915;2.3974210037174544;13.627644573167085;False
433;SON;rcp45;2071-2100;KNMI;CNRM-CERFACS-CNRM-CM5;RACMO22E;r1i1p1;v2;2.355198652416391;1234.5450176819327;3.322897304832736;2.5506255198143752;False
434;SON;rcp45;2071-2100;KNMI;ICHEC-EC-EARTH;RACMO22E;r12i1p1;v1;2.381772769516772;1391.2363164431545;3.444760687732355;4.939142319254016;False
435;SON;rcp45;2071-2100;KNMI;MOHC-HadGEM2-ES;RACMO22E;r1i1p1;v2;4.3149453996283;1529.2970023550731;4.152881040892225;15.100638082810962;False
436;SON;rcp45;2071-2100;MPI-CSC;MPI-M-MPI-ESM-LR;REMO2009;r1i1p1;v1;4.003810408921936;1576.632110275965;2.1986814591077746;9.214508667361631;True
437;SON;rcp45;2071-2100;MPI-CSC;MPI-M-MPI-ESM-LR;REMO2009;r2i1p1;v1;4.1459165892193255;1601.3990692434256;2.257115473977649;4.754489560314719;False
438;SON;rcp45;2071-2100;SMHI;ICHEC-EC-EARTH;RCA4;r12i1p1;v1;3.243935873605949;1583.0357005826604;3.528113382899619;6.521389756695685;True
439;SON;rcp45;2071-2100;SMHI;MOHC-HadGEM2-ES;RCA4;r1i1p1;v1;4.838237685873651;1744.5437316807006;3.568337592936814;15.613094350685781;True
440;SON;rcp45;2071-2100;SMHI;MPI-M-MPI-ESM-LR;RCA4;r1i1p1;v1a;3.3792170074349883;1751.4240130726732;2.121863382899676;13.571727248522844;True
441;SON;rcp45;2071-2100;SMHI;NCC-NorESM1-M;RCA4;r1i1p1;v1;2.2629298327137803;1736.958847765475;2.6362685873605756;14.169947766207136;False
442;SON;rcp85;2031-2060;CLMcom;ICHEC-EC-EARTH;CCLM4-8-17;r12i1p1;v1;2.785931691449832;1288.728175990865;2.764637546468407;3.0711681571610354;True
443;SON;rcp85;2031-2060;CLMcom;MPI-M-MPI-ESM-LR;CCLM4-8-17;r1i1p1;v1;3.416711198884798;1531.6173068652809;2.57092239776955;18.269521106474382;True
444;SON;rcp85;2031-2060;CNRM;CNRM-CERFACS-CNRM-CM5;ALADIN63;r1i1p1;v2;2.5824291356877325;1500.2599270259582;2.2497967007434454;8.210378361322404;False
445;SON;rcp85;2031-2060;DMI;ICHEC-EC-EARTH;HIRHAM5;r3i1p1;v2;3.269522537174737;1741.9352055149895;2.760077834572485;9.900786920353752;True
446;SON;rcp85;2031-2060;DMI;MOHC-HadGEM2-ES;HIRHAM5;r1i1p1;v2;4.806087360594802;1874.4966266102065;3.390537871747199;16.363826764868975;False
447;SON;rcp85;2031-2060;GERICS;ICHEC-EC-EARTH;REMO2015;r12i1p1;v1;4.171967936803014;1524.645358312972;2.7684421468401865;5.424693118582447;False
448;SON;rcp85;2031-2060;GERICS;MOHC-HadGEM2-ES;REMO2015;r1i1p1;v1;5.935734200743525;1684.9522109119202;3.218401486988853;15.445939141887532;False
449;SON;rcp85;2031-2060;GERICS;NCC-NorESM1-M;REMO2015;r1i1p1;v1;3.2705680762081784;1730.9254223446198;1.9630866635687312;10.687249994637714;False
450;SON;rcp85;2031-2060;KNMI;CNRM-CERFACS-CNRM-CM5;RACMO22E;r1i1p1;v2;1.3957132899628277;1262.9652243730748;2.363411942379173;4.9114223573825235;False
451;SON;rcp85;2031-2060;KNMI;ICHEC-EC-EARTH;RACMO22E;r12i1p1;v1;1.8687616171004038;1385.995008915552;2.931749535315987;4.543797322809255;False
452;SON;rcp85;2031-2060;KNMI;MOHC-HadGEM2-ES;RACMO22E;r1i1p1;v2;3.594133364312313;1553.0913498072598;3.4320690055762384;16.89149006924212;False
453;SON;rcp85;2031-2060;MPI-CSC;MPI-M-MPI-ESM-LR;REMO2009;r1i1p1;v1;4.13659386617104;1640.2192922135932;2.331464916356879;13.619241253738199;True
454;SON;rcp85;2031-2060;MPI-CSC;MPI-M-MPI-ESM-LR;REMO2009;r2i1p1;v1;4.1607283921933345;1555.349377462412;2.271927276951658;1.7421786069875402;False
455;SON;rcp85;2031-2060;SMHI;ICHEC-EC-EARTH;RCA4;r12i1p1;v1;2.795748141263971;1600.4522425312978;3.079925650557641;7.693336954375307;True
456;SON;rcp85;2031-2060;SMHI;MOHC-HadGEM2-ES;RCA4;r1i1p1;v1;4.492599907063209;1797.006082152567;3.222699814126372;19.089839911612046;True
457;SON;rcp85;2031-2060;SMHI;MPI-M-MPI-ESM-LR;RCA4;r1i1p1;v1a;3.479124070631997;1774.2651968695861;2.2217704460966843;15.052872120840368;True
458;SON;rcp85;2031-2060;SMHI;NCC-NorESM1-M;RCA4;r1i1p1;v1;1.665346189591105;1689.1229028207663;2.0386849442379003;11.025700944982523;False
459;SON;rcp85;2071-2100;CLMcom;ICHEC-EC-EARTH;CCLM4-8-17;r12i1p1;v1;4.977497676579958;1431.9742295184765;4.956203531598533;14.527841756806756;True
460;SON;rcp85;2071-2100;CLMcom;MPI-M-MPI-ESM-LR;CCLM4-8-17;r1i1p1;v1;5.1970027881041005;1660.8636326340052;4.351213986988853;28.249756368194973;True
461;SON;rcp85;2071-2100;CNRM;CNRM-CERFACS-CNRM-CM5;ALADIN63;r1i1p1;v2;4.689016031598555;1600.090927514334;4.356383596654268;15.41096416677771;False
462;SON;rcp85;2071-2100;DMI;ICHEC-EC-EARTH;HIRHAM5;r3i1p1;v2;5.693808085501871;1760.684362904179;5.184363382899619;11.083693807269965;True
463;SON;rcp85;2071-2100;DMI;MOHC-HadGEM2-ES;HIRHAM5;r1i1p1;v2;8.048361988847603;1937.3042552832335;6.6328125;20.26275937358586;False
464;SON;rcp85;2071-2100;GERICS;ICHEC-EC-EARTH;REMO2015;r12i1p1;v1;6.404629414498174;1742.5813552006027;5.001103624535347;20.49431928843068;False
465;SON;rcp85;2071-2100;GERICS;MOHC-HadGEM2-ES;REMO2015;r1i1p1;v1;8.975929368029767;1749.2299011371836;6.258596654275095;19.849979960297873;False
466;SON;rcp85;2071-2100;GERICS;NCC-NorESM1-M;REMO2015;r1i1p1;v1;5.103601301115248;1910.777592758707;3.7961198884758005;22.188232007910596;False
467;SON;rcp85;2071-2100;KNMI;CNRM-CERFACS-CNRM-CM5;RACMO22E;r1i1p1;v2;3.774808317843906;1307.4185527694933;4.742506970260251;8.604051275889056;False
468;SON;rcp85;2071-2100;KNMI;ICHEC-EC-EARTH;RACMO22E;r12i1p1;v1;4.267634758364352;1553.417265348718;5.330622676579935;17.172239944382035;False
469;SON;rcp85;2071-2100;KNMI;MOHC-HadGEM2-ES;RACMO22E;r1i1p1;v2;6.894377323420088;1623.9695126073068;6.732312964684013;22.226046896241385;False
470;SON;rcp85;2071-2100;MPI-CSC;MPI-M-MPI-ESM-LR;REMO2009;r1i1p1;v1;5.8034154275093215;1741.3388773134207;3.99828647769516;20.623872030534987;True
471;SON;rcp85;2071-2100;MPI-CSC;MPI-M-MPI-ESM-LR;REMO2009;r2i1p1;v1;5.580454228624546;1690.5798534561488;3.69165311338287;10.588193168751324;False
472;SON;rcp85;2071-2100;SMHI;ICHEC-EC-EARTH;RCA4;r12i1p1;v1;5.009735130111551;1792.4535347903527;5.293912639405221;20.612972613247866;True
473;SON;rcp85;2071-2100;SMHI;MOHC-HadGEM2-ES;RCA4;r1i1p1;v1;7.410757434944287;1852.922394411936;6.14085734200745;22.795483838781916;True
474;SON;rcp85;2071-2100;SMHI;MPI-M-MPI-ESM-LR;RCA4;r1i1p1;v1a;5.318372444237923;1934.8623470192065;4.0610188197026105;25.466852743204903;True
475;SON;rcp85;2071-2100;SMHI;NCC-NorESM1-M;RCA4;r1i1p1;v1;3.5767367565056247;1840.025841048659;3.95007551115242;20.944520033534655;False
476;DJF;historical;1951-2000;CLMcom;ICHEC-EC-EARTH;CCLM4-8-17;r12i1p1;v1;-7.956778578066917;1144.3428930462958;0.0;0.0;True
477;DJF;historical;1951-2000;CLMcom;MPI-M-MPI-ESM-LR;CCLM4-8-17;r1i1p1;v1;-7.7166821561338;1060.491368761736;0.0;0.0;True
478;DJF;historical;1951-2000;CNRM;CNRM-CERFACS-CNRM-CM5;ALADIN63;r1i1p1;v2;-10.62903113382896;1195.4088216155878;0.0;0.0;False
479;DJF;historical;1951-2000;DMI;ICHEC-EC-EARTH;HIRHAM5;r3i1p1;v2;-7.528891728624501;1440.8786179574006;0.0;0.0;True
480;DJF;historical;1951-2000;DMI;MOHC-HadGEM2-ES;HIRHAM5;r1i1p1;v2;-6.733526951672843;1517.2062240901048;0.0;0.0;False
481;DJF;historical;1951-2000;GERICS;ICHEC-EC-EARTH;REMO2015;r12i1p1;v1;-6.6528461895910596;1377.3411482461765;0.0;0.0;False
482;DJF;historical;1951-2000;GERICS;MOHC-HadGEM2-ES;REMO2015;r1i1p1;v1;-6.092698652416345;1349.3121931654814;0.0;0.0;False
483;DJF;historical;1951-2000;GERICS;NCC-NorESM1-M;REMO2015;r1i1p1;v1;-6.049453996282523;1435.2383015268797;0.0;0.0;False
484;DJF;historical;1951-2000;KNMI;CNRM-CERFACS-CNRM-CM5;RACMO22E;r1i1p1;v2;-11.625313661710038;1010.0632862973833;0.0;0.0;False
485;DJF;historical;1951-2000;KNMI;ICHEC-EC-EARTH;RACMO22E;r12i1p1;v1;-9.334799024163544;1255.7041801041387;0.0;0.0;False
486;DJF;historical;1951-2000;KNMI;MOHC-HadGEM2-ES;RACMO22E;r1i1p1;v2;-8.90894516728622;1231.2619348440915;0.0;0.0;False
487;DJF;historical;1951-2000;MPI-CSC;MPI-M-MPI-ESM-LR;REMO2009;r1i1p1;v1;-6.716101301115202;1208.7443721781876;0.0;0.0;True
488;DJF;historical;1951-2000;MPI-CSC;MPI-M-MPI-ESM-LR;REMO2009;r2i1p1;v1;-6.4497211895910596;1272.5897299201959;0.0;0.0;False
489;DJF;historical;1951-2000;SMHI;ICHEC-EC-EARTH;RCA4;r12i1p1;v1;-9.142158457249025;1289.7647032258014;0.0;0.0;True
490;DJF;historical;1951-2000;SMHI;MOHC-HadGEM2-ES;RCA4;r1i1p1;v1;-7.643755808550168;1382.1299106270408;0.0;0.0;True
491;DJF;historical;1951-2000;SMHI;MPI-M-MPI-ESM-LR;RCA4;r1i1p1;v1a;-7.848420074349406;1219.714713340355;0.0;0.0;True
492;DJF;historical;1951-2000;SMHI;NCC-NorESM1-M;RCA4;r1i1p1;v1;-8.827451208178388;1291.2524645157907;0.0;0.0;False
493;DJF;rcp26;2031-2060;CLMcom-BTU;MPI-M-MPI-ESM-LR;CCLM4-8-17;r1i1p1;v1;-5.911675185873605;1089.0274978093942;;;True
494;DJF;rcp26;2031-2060;CLMcom;ICHEC-EC-EARTH;CCLM4-8-17;r12i1p1;v1;-5.9897421003717;1191.9822834958375;1.967036477695217;4.163034588585872;True
495;DJF;rcp26;2031-2060;CNRM;CNRM-CERFACS-CNRM-CM5;ALADIN63;r1i1p1;v2;-8.686651951672843;1288.501138614013;1.9423791821561167;7.787487871522581;False
496;DJF;rcp26;2031-2060;DMI;ICHEC-EC-EARTH;HIRHAM5;r3i1p1;v2;-5.570858503717432;1557.4117246835206;1.9580332249070693;8.087642170116876;True
497;DJF;rcp26;2031-2060;DMI;MOHC-HadGEM2-ES;HIRHAM5;r1i1p1;v2;-4.622728856877302;1505.6815096603007;2.110798094795541;-0.7596010513808502;False
498;DJF;rcp26;2031-2060;GERICS;ICHEC-EC-EARTH;REMO2015;r12i1p1;v1;-4.43357342007431;1465.6500564881194;2.219272769516749;6.411549408393849;False
499;DJF;rcp26;2031-2060;GERICS;MOHC-HadGEM2-ES;REMO2015;r1i1p1;v1;-3.741891263940488;1332.1512048378531;2.3508073884758574;-1.2718323020092595;False
500;DJF;rcp26;2031-2060;GERICS;NCC-NorESM1-M;REMO2015;r1i1p1;v1;-4.846619423791822;1423.140858545844;1.2028345724907012;-0.8428874123666953;False
501;DJF;rcp26;2031-2060;KNMI;CNRM-CERFACS-CNRM-CM5;RACMO22E;r1i1p1;v2;-9.475569237918194;1089.7966715981524;2.1497444237918444;7.893899954828575;False
502;DJF;rcp26;2031-2060;KNMI;ICHEC-EC-EARTH;RACMO22E;r12i1p1;v1;-7.153601301115202;1325.4118658020593;2.181197723048342;5.551282443938325;False
503;DJF;rcp26;2031-2060;KNMI;MOHC-HadGEM2-ES;RACMO22E;r1i1p1;v2;-6.764050882899596;1228.375785014;2.1448942843866234;-0.23440583586764377;False
504;DJF;rcp26;2031-2060;MPI-CSC;MPI-M-MPI-ESM-LR;REMO2009;r1i1p1;v1;-4.912720724907047;1261.6980542591514;1.8033805762081556;4.380883443994031;True
505;DJF;rcp26;2031-2060;MPI-CSC;MPI-M-MPI-ESM-LR;REMO2009;r2i1p1;v1;-4.787662639405198;1286.537123269308;1.6620585501858613;1.095985062678991;False
506;DJF;rcp26;2031-2060;SMHI;ICHEC-EC-EARTH;RCA4;r12i1p1;v1;-6.28089567843864;1425.8951344039137;2.861262778810385;10.554671781421806;True
507;DJF;rcp26;2031-2060;SMHI;MOHC-HadGEM2-ES;RCA4;r1i1p1;v1;-5.511001394052016;1362.9907034614494;2.1327544144981516;-1.3847618099016679;True
508;DJF;rcp26;2031-2060;SMHI;MPI-M-MPI-ESM-LR;RCA4;r1i1p1;v1a;-6.438510687732332;1218.1774583392428;1.4099093866170733;-0.12603398026595483;True
509;DJF;rcp26;2031-2060;SMHI;NCC-NorESM1-M;RCA4;r1i1p1;v1;-7.547130576208133;1237.5981131866297;1.2803206319702554;-4.155217728802633;False
510;DJF;rcp26;2071-2100;CLMcom-BTU;MPI-M-MPI-ESM-LR;CCLM4-8-17;r1i1p1;v1;-5.541438197026025;1154.588637537008;;;True
511;DJF;rcp26;2071-2100;CLMcom;ICHEC-EC-EARTH;CCLM4-8-17;r12i1p1;v1;-6.3363092472118865;1185.0174366901576;1.6204693308550304;3.554401734919179;True
512;DJF;rcp26;2071-2100;CNRM;CNRM-CERFACS-CNRM-CM5;ALADIN63;r1i1p1;v2;-8.868198187732332;1213.4110937746705;1.7608329460966274;1.5059510883274814;False
513;DJF;rcp26;2071-2100;DMI;ICHEC-EC-EARTH;HIRHAM5;r3i1p1;v2;-5.402410548327111;1604.6072013399194;2.1264811802973895;11.363107297311519;True
514;DJF;rcp26;2071-2100;DMI;MOHC-HadGEM2-ES;HIRHAM5;r1i1p1;v2;-4.18676812267654;1516.2598344085386;2.5467588289963032;-0.06237712886616613;False
515;DJF;rcp26;2071-2100;GERICS;ICHEC-EC-EARTH;REMO2015;r12i1p1;v1;-4.904211198884752;1434.0170196219447;1.7486349907063072;4.114875348633539;False
516;DJF;rcp26;2071-2100;GERICS;MOHC-HadGEM2-ES;REMO2015;r1i1p1;v1;-3.4635745817843713;1337.884062489834;2.629124070631974;-0.8469597127731482;False
517;DJF;rcp26;2071-2100;GERICS;NCC-NorESM1-M;REMO2015;r1i1p1;v1;-4.820306691449787;1399.0987147651197;1.2291473048327362;-2.518019949949274;False
518;DJF;rcp26;2071-2100;KNMI;CNRM-CERFACS-CNRM-CM5;RACMO22E;r1i1p1;v2;-9.611953996282523;1033.652120127886;2.013359665427515;2.3353817677081405;False
519;DJF;rcp26;2071-2100;KNMI;ICHEC-EC-EARTH;RACMO22E;r12i1p1;v1;-7.536762314126349;1316.5088977124612;1.798036710037195;4.842280416975271;False
520;DJF;rcp26;2071-2100;KNMI;MOHC-HadGEM2-ES;RACMO22E;r1i1p1;v2;-6.212819470260229;1236.1700065683253;2.696125697025991;0.39862125071343285;False
521;DJF;rcp26;2071-2100;MPI-CSC;MPI-M-MPI-ESM-LR;REMO2009;r1i1p1;v1;-4.619156598512973;1312.3085969830533;2.0969447026022294;8.567917848357013;True
522;DJF;rcp26;2071-2100;MPI-CSC;MPI-M-MPI-ESM-LR;REMO2009;r2i1p1;v1;-5.157173559479531;1257.8588500314263;1.2925476301115282;-1.1575513727973534;False
523;DJF;rcp26;2071-2100;SMHI;ICHEC-EC-EARTH;RCA4;r12i1p1;v1;-6.967785780669146;1353.6300551160118;2.1743726765798783;4.951705666194624;True
524;DJF;rcp26;2071-2100;SMHI;MOHC-HadGEM2-ES;RCA4;r1i1p1;v1;-5.001940055762077;1366.3057987879422;2.6418157527880908;-1.144907704943568;True
525;DJF;rcp26;2071-2100;SMHI;MPI-M-MPI-ESM-LR;RCA4;r1i1p1;v1a;-6.409990706319661;1256.0369788769453;1.4384293680297446;2.9779312440297416;True
526;DJF;rcp26;2071-2100;SMHI;NCC-NorESM1-M;RCA4;r1i1p1;v1;-7.699924488847557;1218.476605758791;1.127526719330831;-5.636067365361429;False
527;DJF;rcp45;2031-2060;CLMcom;ICHEC-EC-EARTH;CCLM4-8-17;r12i1p1;v1;-5.768930065055713;1196.8193377537798;2.187848513011204;4.585727322322862;True
528;DJF;rcp45;2031-2060;CLMcom;MPI-M-MPI-ESM-LR;CCLM4-8-17;r1i1p1;v1;-6.128450278810362;1040.5741379385101;1.5882318773234374;-1.87811343023773;True
529;DJF;rcp45;2031-2060;CNRM;CNRM-CERFACS-CNRM-CM5;ALADIN63;r1i1p1;v2;-8.446410315985133;1224.7368500412176;2.1826208178438264;2.4533889908887425;False
530;DJF;rcp45;2031-2060;DMI;ICHEC-EC-EARTH;HIRHAM5;r3i1p1;v2;-5.039027648698834;1554.548191185002;2.489864079925667;7.888906935737608;True
531;DJF;rcp45;2031-2060;DMI;MOHC-HadGEM2-ES;HIRHAM5;r1i1p1;v2;-3.861402184014821;1587.7853487282437;2.872124767658022;4.651913729161411;False
532;DJF;rcp45;2031-2060;GERICS;ICHEC-EC-EARTH;REMO2015;r12i1p1;v1;-4.234921003717432;1513.3328222209193;2.417925185873628;9.87349242763177;False
533;DJF;rcp45;2031-2060;GERICS;MOHC-HadGEM2-ES;REMO2015;r1i1p1;v1;-2.8760106877323324;1461.9844626510676;3.216687964684013;8.350348426130907;False
534;DJF;rcp45;2031-2060;GERICS;NCC-NorESM1-M;REMO2015;r1i1p1;v1;-4.242036477695137;1492.0441894947817;1.8074175185873855;3.9579411939793605;False
535;DJF;rcp45;2031-2060;KNMI;CNRM-CERFACS-CNRM-CM5;RACMO22E;r1i1p1;v2;-9.01512546468399;1065.0207535041752;2.610188197026048;5.440992455854025;False
536;DJF;rcp45;2031-2060;KNMI;ICHEC-EC-EARTH;RACMO22E;r12i1p1;v1;-7.0608968401487004;1302.8802089005376;2.273902184014844;3.7569381024507353;False
537;DJF;rcp45;2031-2060;KNMI;MOHC-HadGEM2-ES;RACMO22E;r1i1p1;v2;-5.826841310408895;1292.6013593447697;3.0821038568773247;4.981833902665496;False
538;DJF;rcp45;2031-2060;MPI-CSC;MPI-M-MPI-ESM-LR;REMO2009;r1i1p1;v1;-5.12792750929367;1171.4716744273346;1.5881737918215322;-3.0835881108332686;True
539;DJF;rcp45;2031-2060;MPI-CSC;MPI-M-MPI-ESM-LR;REMO2009;r2i1p1;v1;-4.4611349907062845;1271.7578422458198;1.988586198884775;-0.06536966744404328;False
540;DJF;rcp45;2031-2060;SMHI;ICHEC-EC-EARTH;RCA4;r12i1p1;v1;-6.317721886617051;1397.0999554907523;2.824436570631974;8.32208014349416;True
541;DJF;rcp45;2031-2060;SMHI;MOHC-HadGEM2-ES;RCA4;r1i1p1;v1;-4.436680994423796;1458.7530586771584;3.207074814126372;5.543845586508974;True
542;DJF;rcp45;2031-2060;SMHI;MPI-M-MPI-ESM-LR;RCA4;r1i1p1;v1a;-6.586018819702588;1152.0075350390491;1.262401254646818;-5.551066783139856;True
543;DJF;rcp45;2031-2060;SMHI;NCC-NorESM1-M;RCA4;r1i1p1;v1;-6.67271143122673;1309.7163502057688;2.154739776951658;1.4299206543549121;False
544;DJF;rcp45;2071-2100;CLMcom;ICHEC-EC-EARTH;CCLM4-8-17;r12i1p1;v1;-4.983526951672843;1177.9306583577372;2.973251626394074;2.9351137247009245;True
545;DJF;rcp45;2071-2100;CLMcom;MPI-M-MPI-ESM-LR;CCLM4-8-17;r1i1p1;v1;-4.883910315985133;1153.5467566776897;2.8327718401486663;8.774742601121583;True
546;DJF;rcp45;2071-2100;CNRM;CNRM-CERFACS-CNRM-CM5;ALADIN63;r1i1p1;v2;-7.323762778810362;1332.633358805153;3.3052683550185975;11.4792976852979;False
547;DJF;rcp45;2071-2100;DMI;ICHEC-EC-EARTH;HIRHAM5;r3i1p1;v2;-4.487418680297367;1505.9546537614224;3.041473048327134;4.516413457246941;True
548;DJF;rcp45;2071-2100;DMI;MOHC-HadGEM2-ES;HIRHAM5;r1i1p1;v2;-2.7589974442378775;1638.5937570389983;3.9745295074349656;8.000727325099914;False
549;DJF;rcp45;2071-2100;GERICS;ICHEC-EC-EARTH;REMO2015;r12i1p1;v1;-3.668500232342012;1421.9756258104592;2.9843459572490474;3.240626160128694;False
550;DJF;rcp45;2071-2100;GERICS;MOHC-HadGEM2-ES;REMO2015;r1i1p1;v1;-1.9448129646839902;1434.5639633700307;4.147885687732355;6.318164961108735;False
551;DJF;rcp45;2071-2100;GERICS;NCC-NorESM1-M;REMO2015;r1i1p1;v1;-3.69763011152412;1457.367344023348;2.351823884758403;1.5418375103929782;False
552;DJF;rcp45;2071-2100;KNMI;CNRM-CERFACS-CNRM-CM5;RACMO22E;r1i1p1;v2;-7.847432620817813;1120.4025773864696;3.7778810408922254;10.923997791619582;False
553;DJF;rcp45;2071-2100;KNMI;ICHEC-EC-EARTH;RACMO22E;r12i1p1;v1;-6.261117565055713;1306.2576903397267;3.0736814591078314;4.025909209874209;False
554;DJF;rcp45;2071-2100;KNMI;MOHC-HadGEM2-ES;RACMO22E;r1i1p1;v2;-4.802677741635648;1319.5594802914277;4.106267425650572;7.171304736105313;False
555;DJF;rcp45;2071-2100;MPI-CSC;MPI-M-MPI-ESM-LR;REMO2009;r1i1p1;v1;-3.9644749070631633;1291.0063070518597;2.751626394052039;6.805569214393463;True
556;DJF;rcp45;2071-2100;MPI-CSC;MPI-M-MPI-ESM-LR;REMO2009;r2i1p1;v1;-3.9822200278809987;1272.3591962988492;2.467501161710061;-0.018115313673092406;False
557;DJF;rcp45;2071-2100;SMHI;ICHEC-EC-EARTH;RCA4;r12i1p1;v1;-5.4219853624534835;1385.4898015861174;3.720173094795541;7.421904020237194;True
558;DJF;rcp45;2071-2100;SMHI;MOHC-HadGEM2-ES;RCA4;r1i1p1;v1;-3.3872211895910596;1502.071964992799;4.256534618959108;8.678059380926292;True
559;DJF;rcp45;2071-2100;SMHI;MPI-M-MPI-ESM-LR;RCA4;r1i1p1;v1a;-5.293674488847557;1295.4051289139627;2.5547455855018484;6.205583547182032;True
560;DJF;rcp45;2071-2100;SMHI;NCC-NorESM1-M;RCA4;r1i1p1;v1;-5.889370353159848;1313.6789063095605;2.9380808550185407;1.7367975984603037;False
561;DJF;rcp85;2031-2060;CLMcom;ICHEC-EC-EARTH;CCLM4-8-17;r12i1p1;v1;-5.250052276951635;1278.3808218945358;2.706726301115282;11.713091387444594;True
562;DJF;rcp85;2031-2060;CLMcom;MPI-M-MPI-ESM-LR;CCLM4-8-17;r1i1p1;v1;-4.716159386617051;1167.031990207704;3.000522769516749;10.04634498537862;True
563;DJF;rcp85;2031-2060;CNRM;CNRM-CERFACS-CNRM-CM5;ALADIN63;r1i1p1;v2;-7.83128485130112;1278.463420670715;2.7977462825278394;6.947798740758776;False
564;DJF;rcp85;2031-2060;DMI;ICHEC-EC-EARTH;HIRHAM5;r3i1p1;v2;-4.56542750929367;1590.1518692203615;2.963464219330831;10.359876911392561;True
565;DJF;rcp85;2031-2060;DMI;MOHC-HadGEM2-ES;HIRHAM5;r1i1p1;v2;-3.507254879182142;1606.6860464647357;3.2262720724907012;5.897670399308678;False
566;DJF;rcp85;2031-2060;GERICS;ICHEC-EC-EARTH;REMO2015;r12i1p1;v1;-3.7695980483271114;1564.9006803904324;2.883248141263948;13.617507353431122;False
567;DJF;rcp85;2031-2060;GERICS;MOHC-HadGEM2-ES;REMO2015;r1i1p1;v1;-2.664376161710038;1455.9131248289768;3.4283224907063072;7.900390451034906;False
568;DJF;rcp85;2031-2060;GERICS;NCC-NorESM1-M;REMO2015;r1i1p1;v1;-4.084305297397748;1430.4261580109596;1.965148698884775;-0.33528533281202216;False
569;DJF;rcp85;2031-2060;KNMI;CNRM-CERFACS-CNRM-CM5;RACMO22E;r1i1p1;v2;-8.637540659851254;1061.046069802294;2.987773001858784;5.047484073181154;False
570;DJF;rcp85;2031-2060;KNMI;ICHEC-EC-EARTH;RACMO22E;r12i1p1;v1;-6.39355250929367;1395.7294276489645;2.9412465148698743;11.151133345212985;False
571;DJF;rcp85;2031-2060;KNMI;MOHC-HadGEM2-ES;RACMO22E;r1i1p1;v2;-5.510275325278769;1317.2223501045908;3.3986698420074504;6.981488895893135;False
572;DJF;rcp85;2031-2060;MPI-CSC;MPI-M-MPI-ESM-LR;REMO2009;r1i1p1;v1;-3.896689126394051;1284.0408047003373;2.819412174721151;6.229309873556125;True
573;DJF;rcp85;2031-2060;MPI-CSC;MPI-M-MPI-ESM-LR;REMO2009;r2i1p1;v1;-4.547450046468384;1256.7707531901983;1.9022711431226753;-1.2430539362430277;False
574;DJF;rcp85;2031-2060;SMHI;ICHEC-EC-EARTH;RCA4;r12i1p1;v1;-5.420736524163544;1510.9888088027342;3.7214219330854803;17.152284057986243;True
575;DJF;rcp85;2031-2060;SMHI;MOHC-HadGEM2-ES;RCA4;r1i1p1;v1;-4.219644516728579;1479.4057026782443;3.424111291821589;7.038107728026222;True
576;DJF;rcp85;2031-2060;SMHI;MPI-M-MPI-ESM-LR;RCA4;r1i1p1;v1a;-5.163533921933038;1281.856307437207;2.684886152416368;5.0947646541598965;True
577;DJF;rcp85;2031-2060;SMHI;NCC-NorESM1-M;RCA4;r1i1p1;v1;-6.5551463754646875;1284.7695531621298;2.2723048327137008;-0.5020638126016659;False
578;DJF;rcp85;2071-2100;CLMcom;ICHEC-EC-EARTH;CCLM4-8-17;r12i1p1;v1;-2.702102695167241;1296.8471112526038;5.254675882899676;13.326793842388831;True
579;DJF;rcp85;2071-2100;CLMcom;MPI-M-MPI-ESM-LR;CCLM4-8-17;r1i1p1;v1;-2.9868087825278735;1270.098000172124;4.729873373605926;19.765048314832708;True
580;DJF;rcp85;2071-2100;CNRM;CNRM-CERFACS-CNRM-CM5;ALADIN63;r1i1p1;v2;-5.362999535315964;1417.9730814102636;5.2660315985129955;18.618254756885722;False
581;DJF;rcp85;2071-2100;DMI;ICHEC-EC-EARTH;HIRHAM5;r3i1p1;v2;-2.214416821561315;1664.2263642917335;5.314474907063186;15.500802326496617;True
582;DJF;rcp85;2071-2100;DMI;MOHC-HadGEM2-ES;HIRHAM5;r1i1p1;v2;-0.5746340613382586;1804.2603524477952;6.1588928903345845;18.919915025384356;False
583;DJF;rcp85;2071-2100;GERICS;ICHEC-EC-EARTH;REMO2015;r12i1p1;v1;-0.9891612453531593;1597.4508258905332;5.6636849442379;15.980766851018062;False
584;DJF;rcp85;2071-2100;GERICS;MOHC-HadGEM2-ES;REMO2015;r1i1p1;v1;0.37622560408925665;1663.2686118155607;6.468924256505602;23.267885685783266;False
585;DJF;rcp85;2071-2100;GERICS;NCC-NorESM1-M;REMO2015;r1i1p1;v1;-1.950127788104055;1687.2240050297687;4.099326208178468;17.557063745777544;False
586;DJF;rcp85;2071-2100;KNMI;CNRM-CERFACS-CNRM-CM5;RACMO22E;r1i1p1;v2;-5.894772304832713;1197.9468766032098;5.730541356877325;18.60117013009714;False
587;DJF;rcp85;2071-2100;KNMI;ICHEC-EC-EARTH;RACMO22E;r12i1p1;v1;-3.712267657992527;1405.7726084742849;5.6225313661710175;11.950938027274917;False
588;DJF;rcp85;2071-2100;KNMI;MOHC-HadGEM2-ES;RACMO22E;r1i1p1;v2;-2.50426347583641;1476.4102952077044;6.4046816914498095;19.910333733711568;False
589;DJF;rcp85;2071-2100;MPI-CSC;MPI-M-MPI-ESM-LR;REMO2009;r1i1p1;v1;-2.310693540892146;1366.388288306481;4.405407760223056;13.04195657550117;True
590;DJF;rcp85;2071-2100;MPI-CSC;MPI-M-MPI-ESM-LR;REMO2009;r2i1p1;v1;-2.5969969795538645;1239.400536481111;3.852724210037195;-2.6080041869555357;False
591;DJF;rcp85;2071-2100;SMHI;ICHEC-EC-EARTH;RCA4;r12i1p1;v1;-2.6413452602230336;1545.132695504059;6.500813197025991;19.799579848910618;True
592;DJF;rcp85;2071-2100;SMHI;MOHC-HadGEM2-ES;RCA4;r1i1p1;v1;-1.121741403345709;1687.766469214596;6.522014405204459;22.113446517404075;True
593;DJF;rcp85;2071-2100;SMHI;MPI-M-MPI-ESM-LR;RCA4;r1i1p1;v1a;-3.0632202602230336;1390.8786069283256;4.785199814126372;14.033108866844346;True
594;DJF;rcp85;2071-2100;SMHI;NCC-NorESM1-M;RCA4;r1i1p1;v1;-4.2503717472118865;1483.9899347561886;4.577079460966502;14.926397086310528;False
